id,name,slug,specialty,hospital_id,experience_years,bio,image_url,is_placeholder,created_at,designation,department,hospital_name,is_priority,education,awards,consultation_fee,career_history,publications
017b46c4-3bd0-44fd-b7c3-a8925b03b305,Dr. Belal Bin Asaf,dr-belal-bin-asaf,Lung Care,8f90193f-a179-462f-9f6f-82e792b10848,20,"Dr. Belal Bin Asaf directs the Institute of Chest Surgery, Chest Onco-Surgery and Lung Transplantation at Medanta – The Medicity, Gurugram, and at Medanta, Noida, with more than 20 years of thoracic surgery experience and over 4,000 minimally invasive chest operations performed. He is a pioneer of robotic thoracic surgery in India and leads what is described as the country's largest chest surgery programme. His practice covers surgery of the lungs, mediastinum, trachea, oesophagus and diaphragm, including video-assisted and robotic operations for lung cancer, thymoma, oesophageal cancer and carcinoid tumours.",,false,2026-09-06 21:45:48.544128+00,"Director/Associate Director, Institute of Chest Surgery, Chest Onco-Surgery & Lung Transplantation",Lung Transplant,,false,"[""MBBS (Jawaharlal Nehru Medical College, AMU, Aligarh, 2003)"",""MS General Surgery (JN Medical College, AMU, Aligarh, 2007)"",""Fellowship in Thoracic Surgery, Seoul National University Bundang Hospital, South Korea"",""Observing Fellowship, Shanghai Chest Hospital, China"",""Observing Fellowship, Rigshospitalet, Copenhagen"",""Intuitive Surgical Certified Robotic Thoracic (Console) Surgeon""]","[""Best Overall Video Presentation Award, 26th European Society of Thoracic Surgeons (ESTS) Conference, Ljubljana (2018)"",""2nd Prize, KS Robotic Surgery Video Awards, Vattikuti Foundation (2016)""]",,,
0195304a-e58e-4c61-b7c9-eb26abd88d03,Dr. Viniyendra Pamecha,dr-viniyendra-pamecha,Liver Transplant,4e52030f-c218-43cb-bba4-70957ef82c0d,,"Head of Liver Transplant and Hepato-Pancreato-Biliary (HPB) Surgery at ILBS, leading it for over a decade into a high-volume adult and paediatric liver-transplant center — a first for a public-sector hospital in India, with 250+ transplants reported and results comparable to leading international centers. Also started the country's first MCI-recognized MCh super-specialty training program in HPB Surgery.",/images/specialists/dr-viniyendra-pamecha.webp,true,2026-09-19 06:24:26.150142+00,"Professor & Head, HPB Surgery & Liver Transplantation",,,false,"[""MBBS — M.R. Medical College, Gulbarga University"",""MS (General Surgery) — R.N.T. Medical College, Udaipur (1998)"",""MRCS — Royal College of Surgeons of Edinburgh"",""FEBS (Hepato-Biliary & Pancreatic Surgery; Multi-Organ Retrieval; Liver Transplantation) — European Board of Surgery (2009); FRCS in HPB Surgery (2010)"",""Training in London: King's College Hospital Liver Unit (2003–05) and Sheila Sherlock Liver Centre, Royal Free Hospital (2005–10)""]",,,"[""At ILBS since 2010""]","[""Extensively published in leading specialty journals on liver transplantation, liver regeneration and HPB cancer surgery""]"
0299ac67-dd43-4e05-9b07-cff4c015696a,Dr. Vivek Vij,dr-vivek-vij,Liver Transplant,ee6f3f0c-ee78-4a8f-8d4b-01005b2e0567,25,"Dr. Vivek Vij chairs liver transplant and hepatobiliary sciences at Fortis Memorial Research Institute, Gurgaon, and across Fortis's Delhi NCR hospitals, with over 25 years of surgical experience. His team has performed more than 2,500 liver transplants, with a reported 95 to 97 percent patient success rate and a full safety record for living donors. He was among the first surgeons on the Indian subcontinent to publish a series on laparoscopic donor hepatectomy in the journal Liver Transplantation, and is credited with developing and standardising safety protocols for living-donor liver surgery in India. He received a special honour from the International Liver Transplant Society in 2015.",,false,2026-09-06 21:45:48.544128+00,"Chairman & Director, Liver Transplant & Hepato-Biliary Sciences",Liver Transplant and Hepatobiliary Sciences,,false,"[""MBBS (B.J. Medical College, Pune)"",""MS General Surgery"",""DNB General Surgery (National Board of Examinations)"",""MRCS (Royal College of Surgeons of Edinburgh)""]","[""Best Liver Transplant Surgeon Award, Sanjeevani (SEPC), 2023 & 2024"",""Best Liver Transplant Surgeon Award, Advantage Healthcare India (FICCI/MoHFW), 2023"",""Best Liver Transplant Surgeon Award, HTI Global Healthcare Summit, Dubai, 2024"",""Special Award, International Liver Transplant Society (ILTS), Chicago (2015)"",""Roche Preceptorship, University of Alabama, Birmingham, USA (2005)"",""Recognition from the Ministries of Health of Mongolia and Uzbekistan""]",,"[""Founded liver transplantation and hepatobiliary sciences programmes across the Fortis group, starting at Fortis Hospital, Noida, then Mohali"",""Heads a fellowship programme that has trained 50+ fellows""]",
02eca816-dae4-4817-a68c-7ce3b18aa3cc,Dr. Suman Lata Nayak,dr-suman-lata-nayak,Nephrology,40bddee2-b8b4-4241-9ffd-dc5f004fd7c5,,,/images/specialists/dr-suman-lata-nayak.webp,true,2026-09-19 06:24:26.150142+00,"HOD, Nephrology",,,false,,,,,
040491c7-0a25-44d5-9e61-f3889df40a5e,Dr. Anurag Saxena,dr-anurag-saxena,Neurosurgery,40bddee2-b8b4-4241-9ffd-dc5f004fd7c5,20,"A senior neurosurgeon with 20+ years' experience across paediatric neurosurgery, hydrocephalus, neuro-oncology, complex spine and cerebrovascular surgery, with emphasis on microneurosurgery, minimally invasive and endoscopic techniques and awake brain surgery.",/images/specialists/dr-anurag-saxena.webp,true,2026-09-19 06:24:26.150142+00,"Cluster Head, Neurosurgery",,,false,"[""MBBS (Gold Medallist) — MGM Medical College, Indore / Devi Ahilya Vishwavidyalaya (2002/03)"",""MS (General Surgery) — M.Y. Hospital, Indore (2006)"",""MCh (Neurosurgery) — G.B. Pant Hospital, Maulana Azad Medical College / Delhi University (2010)"",""Fellowships in the UK: Spine Surgery (Lancashire Teaching Hospital, Preston) and Paediatric Neurosurgery (Royal Liverpool Alder Hey Children's Hospital); FRCS (Neurosurgery), Royal College of Surgeons of Edinburgh (2016)""]","[""MBBS Gold Medallist"",""Gold Medal in a Surgical Quiz (MP state ASI meeting)"",""\""Excellence in Health Care Award\"" in Neurosurgery""]",,,"[""Publications including work from his Alder Hey (UK) paediatric neurosurgery fellowship (e.g., idiopathic syringomyelia, British Journal of Neurosurgery, 2012)""]"
054a69d7-894f-47e1-9a65-e5387f3244dc,Dr. Udgeath Dhir,dr-udgeath-dhir,Cardiac Care,ee6f3f0c-ee78-4a8f-8d4b-01005b2e0567,15,"Dr. Udgeath Dhir leads cardiothoracic and vascular surgery at Fortis Memorial Research Institute, Gurgaon. He completed his MBBS at Dr. B.R. Ambedkar University, Agra, his MS in Surgery at King George's Medical University, Lucknow, and his MCh in Cardiac Surgery at Sanjay Gandhi Postgraduate Institute of Medical Sciences, Lucknow. His practice covers adult cardiac surgery including coronary bypass, valve repair and replacement, and surgery for heart failure. He is an international member of the Society of Thoracic Surgeons, the European Association for Cardio-Thoracic Surgery, and the International Society for Minimally Invasive Cardiothoracic Surgery.",,false,2026-09-06 21:45:48.544128+00,"Director & Head, CTVS",Cardiac Surgery,,false,"[""MBBS (Dr. B.R. Ambedkar University, Agra, 2000)"",""MS General Surgery (King George's Medical University, Lucknow, 2004)"",""MCh Cardiac Surgery (Sanjay Gandhi PGI, Lucknow, 2009)""]","[""Best Paper Presentation, International Coronary Congress""]",,"[""Cardiothoracic and Vascular Surgery, Escorts Heart Institute"",""Senior Consultant, CTVS, Medanta – The Medicity""]",
05b1eaaf-f838-4a8d-9869-ef470c7a2502,Dr. Dinesh Kumar Mittal,dr-dinesh-kumar-mittal,Cardiac Care,,25,"Dr. Dinesh Kumar Mittal heads cardiothoracic and vascular surgery at Fortis Hospital, Shalimar Bagh, with more than 25 years of clinical experience and over 10,000 adult, paediatric and neonatal cardiac operations. His practice covers coronary bypass on both the beating and arrested heart, aortic and mitral valve repair and replacement, and congenital repairs including ASD and VSD closure. He has a particular focus on aortic surgery, including the Bentall procedure, valve-sparing root replacement, hemiarch and total arch replacement, and thoracoabdominal aneurysm repair. He helped establish a neonatal cardiac surgery programme and one of northern India's more comprehensive aortic intervention programmes.",,false,2026-09-06 21:45:48.544128+00,,Cardiac Surgery,,false,"[""MBBS (Jawaharlal Nehru Medical College, Ajmer, 1994)"",""MS General Surgery (Jawaharlal Nehru Medical College, Ajmer, 1998)"",""MCh Cardio-Thoracic & Vascular Surgery (AIIMS, New Delhi, 2004)""]",,,"[""Cardiac Surgery, Max Hospital, Shalimar Bagh"",""Cardiac Surgery, Max Hospital, Saket"",""Cardiac Surgery, Medanta – The Medicity"",""Cardiac Surgery, Batra Hospital""]",
0690e7bf-303a-4da8-8a8d-b04a2b5d13c5,Dr. S.V. Kotwal,dr-s-v-kotwal,Urology Care,68a3daff-b3cb-4f44-aa3b-f7509ec2c959,,"One of India's most senior urologists (also referred to as Chairperson Emeritus / DNB Teacher in Urology); also consults at Sitaram Bhartia Institute, New Delhi. Has one of the largest personal PCNL series in North India (approximately 4,000) and 300+ renal transplants; pioneered microsurgery in the Armed Forces. Expertise across endourology, uro-oncology, paediatric urology, reconstructive/vascular urology and renal transplantation. Past President, Urological Society of India; President, North Zone USI; postgraduate teacher/examiner (National Board; University of Pune; Delhi University); visiting professor at CMC Ludhiana and Guwahati Medical College.",/images/specialists/dr-s-v-kotwal.webp,true,2026-09-19 06:24:26.150142+00,"Head of Department, Urology",,,false,"[""MBBS — University of Bombay / Grant Medical College (1970)"",""MS (General Surgery) — Armed Forces Medical College, Pune (1977)"",""MCh (Urology) — AIIMS, New Delhi (1984)""]","[""Dr. B.C. Roy National Award (2015)"",""Amir Chand Award for research""]",,"[""Director, Urology & Renal Transplantation, Army Hospital (R&R), New Delhi"",""Senior Consultant, Indraprastha Apollo Hospitals"",""Head of Urology, Fortis Memorial Research Institute, Gurgaon""]",
0980fda7-0e59-488d-a888-f413fb91db19,Dr. Avinash,dr-avinash,Cosmetic Care,ee6f3f0c-ee78-4a8f-8d4b-01005b2e0567,22,"Dr. Avinash Agarwal is a Senior Consultant in cosmetic and plastic surgery at Fortis Memorial Research Institute, Gurugram, with 22 years of clinical experience. He holds an MCh in Plastic Surgery and a DNB in General Surgery from Dayanand Medical College and Hospital, Ludhiana. His practice covers reconstructive surgery, trauma and burn surgery, maxillofacial surgery, microvascular nerve and vessel repair, complex reconstructive flap surgery and burn intensive care, alongside cosmetic surgical procedures.",,false,2026-09-06 21:45:48.544128+00,"Senior Consultant, Cosmetic & Plastic Surgery",Plastic and Reconstructive Surgery,,false,"[""MBBS"",""MS/DNB General Surgery"",""MCh Plastic Surgery (Dayanand Medical College & Hospital, Ludhiana)""]",,,,
09cf19f7-9ece-4dc7-a826-a656d0796d46,Dr. Surender Kumar Dabas,dr-surender-kumar-dabas,Oncology Care,40bddee2-b8b4-4241-9ffd-dc5f004fd7c5,22,"Dr. Surender Kumar Dabas chairs the Manipal Comprehensive Cancer Centre and onco-robotic surgery for Manipal Hospitals in the Delhi region, with more than 22 years in surgical oncology. He has performed over 30,000 cancer operations, more than 4,000 of them robot-assisted, and introduced transoral robotic surgery to India. He has carried out the largest number of robotic head and neck cancer operations in Asia. His practice also covers robotic surgery for oesophageal, lung, pancreatic, colorectal, prostate, bladder and kidney cancer. He holds an MBBS, an MS in General Surgery and a DNB in Surgical Oncology.",,false,2026-09-06 21:45:48.544128+00,"Chairman, Manipal Comprehensive Cancer Centre",ENT Oncology Surgery,,false,"[""MBBS (Maulana Azad Medical College, New Delhi)"",""MS General Surgery (University of Delhi, 2007)"",""DNB Surgical Oncology (National Board of Examinations, 2011)"",""Training in Skull Base and Robotic Surgery, MD Anderson Cancer Center, Texas, USA""]",,,"[""Head, Head & Neck Oncology and Robotic Surgery, Rajiv Gandhi Cancer Institute"",""Vice President, International Guild of Robotic & Endoscopic Head & Neck Surgeons""]",
0b008207-8791-47ce-9349-25b7b14b9209,Dr. Niranjan Naik,dr-niranjan-naik,Oncology Care,f3f2ae9c-f839-4282-8e04-961d5cea4ae1,30,"Dr. Niranjan Naik is a senior surgical oncologist at Paras Health, Gurugram, with more than 30 years of experience and over 12,000 cancer operations performed. He trained at AIIMS, New Delhi. His practice covers breast surgery including oncoplastic reconstruction, thoracic surgery for lung and oesophageal cancer, gastrointestinal, colorectal and hepatobiliary cancer surgery, and surgery for bone and soft tissue tumours, using open, laparoscopic, thoracoscopic and robotic approaches. He is active in clinical research and academic teaching and contributes to national and international oncology forums.",,false,2026-09-06 21:45:48.544128+00,"Director, Breast & Gastro-Intestinal Onco-Surgery",Oncology Surgery,,false,"[""MBBS (Bangalore Medical College, 1997, Gold Medal / Best Graduate)"",""MS General Surgery (AIIMS, New Delhi, 2002)"",""Senior Residency in Surgical Oncology (IRCH, AIIMS, 2004)""]","[""Gold Medal / Best Graduate, MBBS batch, Bangalore Medical College (1997)""]",,,
0c2914b3-76cc-4a3c-9d19-992c8bc2eae1,Dr. Aparna Jaswal,dr-aparna-jaswal,Cardiac Care,6933d205-be44-42d4-98bb-4bcb7dfee661,30,"Dr. Aparna Jaswal is a cardiac electrophysiologist at Fortis Escorts Heart Institute, New Delhi, where she leads electrophysiology and cardiac pacing. Her practice covers radiofrequency catheter ablation of complex arrhythmias, implantable cardioverter defibrillators, and biventricular pacing for heart failure. She trained in cardiac electrophysiology at St. Luke's Medical Center, Milwaukee, and was the first India-based physician to hold the Certified Cardiac Device Specialist credential from the International Board of Heart Rhythm Examiners. She is a fellow of the Heart Rhythm Society and of the American College of Cardiology.",,false,2026-09-06 21:45:48.544128+00,,Electrophysiology and Arrhythmia,,false,"[""MBBS"",""MD (General Medicine)"",""DNB (Cardiology)"",""FHRS (USA)"",""FACC (USA)"",""FESC"",""CCDS""]","[""Fellow of the Heart Rhythm Society, USA (2011)"",""Pinnamineni Venkateswara Rao Gold Medal (MBBS distinction)""]",,"[""Established Mauritius's first electrophysiology program, 2010""]",
0cf77e39-46a9-41aa-a840-6aa31d83def9,Dr. Rashmi Pyasi,dr-rashmi-pyasi,General Surgery,ee6f3f0c-ee78-4a8f-8d4b-01005b2e0567,26,"Dr. Rashmi Pyasi is Additional Director of minimal access, bariatric and gastrointestinal surgery at Fortis Memorial Research Institute, Gurgaon, with more than 26 years of surgical experience. Her practice covers laparoscopic sleeve gastrectomy, gastric bypass and metabolic surgery for diabetes and obesity, alongside scarless single-incision gallbladder surgery. She has pioneered minimally invasive procedures in coloproctology, having performed more than 1,600 minimally invasive procedures for haemorrhoids, and also treats surgical disorders specific to women, including laparoscopic hernia repair and breast conditions.",,false,2026-09-06 21:45:48.544128+00,"Additional Director, GI, Minimal Access & Bariatric Surgery","General Surgery, General and Minimal Access",,false,"[""MBBS (1991), Gandhi Medical College (Barkatullah University), Bhopal"",""MS General Surgery (1996), Gandhi Medical College (Barkatullah University), Bhopal"",""FIAGES"",""Laparoscopic Surgery Training, Ethicon Institute of Surgical Education, Mumbai"",""FAIS""]",,,"[""Surgeon Lieutenant Commander, Indian Navy (1999–2004)"",""Examiner, National Board of Examinations, General and Minimal Access Surgery""]",
0e8a7fd2-6779-481e-b777-ae4abe348af5,Dr. Hitesh Garg,dr-hitesh-garg,Spine Surgery,68a3daff-b3cb-4f44-aa3b-f7509ec2c959,15,"Dr. Hitesh Garg heads orthopaedic spine surgery at Artemis Hospital, Gurgaon, with over 15 years of experience and more than 7,000 spine operations performed, including some 1,200 deformity corrections for scoliosis and kyphosis. He studied at AIIMS, New Delhi, and KEM Hospital, Mumbai, and completed fellowships at Yale University and Shriners Hospitals for Children in the United States. His practice covers minimally invasive and motion-preserving spine surgery, craniovertebral and cervical spine surgery, and deformity correction, and he has treated patients from more than 50 countries.",,false,2026-09-06 21:45:48.544128+00,"Head, Ortho-Spine Surgery",Scoliosis Surgery and Spine Surgery,,false,"[""MBBS (AIIMS, New Delhi)"",""MS Orthopaedics (KEM Hospital & Seth G.S. Medical College, University of Mumbai)"",""Fellowship in Spine Surgery, Yale University, USA"",""Fellowship in Paediatric Spine Surgery, Shriners Hospitals for Children, USA"",""Joint Replacement Fellowship, AIIMS""]","[""Primetime Global Healthcare Excellence Award – Best Spine Surgeon in Gurgaon (2015)"",""Dr. Pandurangi Award (Best Orthopaedic Resident, KEM Hospital, 2006–07)""]",,,
0f093eb4-7854-46bd-8a34-97aa94187431,Dr. Gagan Deep Chhabra,dr-gagan-deep-chhabra,Nephrology,ee6f3f0c-ee78-4a8f-8d4b-01005b2e0567,23,"Dr. Gagan Deep Chhabra leads a nephrology and kidney transplant unit at Fortis Memorial Research Institute, Gurgaon, with over 23 years of clinical experience and involvement in more than 2,500 kidney transplants. He completed his MBBS at PGIMS, Rohtak, followed by a DNB in Medicine and a DNB in Nephrology. His practice covers ABO-incompatible, highly sensitised and deceased-donor transplantation, interventional nephrology including arteriovenous fistula and shunt creation, peritoneal dialysis, and critical care nephrology including continuous renal replacement therapy and immunoadsorption. He has worked at Max Super Speciality Hospital Saket, Sir Ganga Ram Hospital and BLK Hospital, and was recognised with the AITSE award for his teaching as a DNB co-guide.",,false,2026-09-06 21:45:48.544128+00,"Director & Unit Head, Nephrology & Kidney Transplant",Nephrology & Kidney Transplant Medicine,,false,"[""MBBS (PGIMS, Rohtak / Maharshi Dayanand University)"",""DNB General Medicine"",""DNB Nephrology (National Board of Examinations)""]","[""AITSE Award, presented by the President of India"",""Award of Excellence, Indian Society of Organ Transplantation"",""Best Mini-Oral Presentation Award, Indian Society of Organ Transplantation""]",,,
0f69aa15-ce5b-4d56-8cbe-e01a34efe8fe,Dr. Syed Mustafa Hasan,dr-syed-mustafa-hasan,Pediatric Care,fbd28ea2-0d7d-4532-8243-56a5ae2d16db,35,"A senior paediatrician and neonatologist with a focus on paediatric intensive care (PICU), paediatric emergency, paediatric pulmonology and gastroenterology, general paediatrics, and neonatal intensive care.",/images/specialists/dr-syed-mustafa-hasan.webp,true,2026-09-19 06:24:26.150142+00,"Director, Paediatrics",,,false,"[""MBBS"",""MD (Paediatrics) — Aligarh Muslim University"",""DCH"",""MRCP (UK) — Royal College of Physicians, London"",""Advanced Paediatric Life Support certificate — American Heart Association""]","[""Lifetime Achievement Award, Aakash Healthcare"",""Best Paediatrics & Neonatal Expert Award — 16th Stars of the Industry Excellence & Leadership Awards (2023)"",""2nd in merit, PMT, Aligarh University"",""Two Merit Scholarships during MBBS"",""2nd in merit, DCH examination""]",,"[""Approximately 20 years across globally recognised hospitals in the Middle East, Iran and the UK""]","[""Approximately 5 published papers in national and international journals"",""Presented at the Asian Regional Congress, Kuala Lumpur""]"
0ff3e8b4-8895-4d99-9342-33fbdff2279a,Dr. Lakshmi Kant Tripathi,dr-lakshmi-kant-tripathi,Nephrology,68a3daff-b3cb-4f44-aa3b-f7509ec2c959,,"Chief/Head of Nephrology & Kidney Transplant (Unit II), at Artemis since approximately 2014. Specialises in resistant hypertension, difficult nephrotic syndromes, complicated UTIs, critical-care nephrology, dialytic therapies, and high-risk/incompatible kidney transplants. Has overseen approximately 53,000–54,000 hemodialysis sessions. Joint Secretary, Indian Society of Organ Transplantation; certified DNB Nephrology teacher/examiner; founder, ""Love Your Kidneys Foundation.""",/images/specialists/dr-lakshmi-kant-tripathi.webp,true,2026-09-19 06:24:26.150142+00,Head of Nephrology,,,false,"[""BSc (Hons)"",""MBBS — Institute of Medical Sciences, BHU"",""MD (Internal Medicine)"",""DM (Nephrology); DNB (Nephrology)"",""FISN (Indian Society of Nephrology); FISOT (Indian Society of Organ Transplantation); Novartis Transplant Fellowship"",""Diploma & Certificate course in Yoga (BHU)""]","[""FISN and FISOT fellowships (for lifetime contributions)"",""IMA awards""]",,"[""Established nephrology departments/dialysis units, Indira Gandhi Memorial Hospital, Maldives, and centres across Delhi NCR"",""Rockland Hospital"",""Paras Hospitals""]",
13b8f839-eea4-49b8-aba9-7b36804a8108,Dr. Yugal K. Mishra,dr-yugal-k-mishra,Cardiac Care,40bddee2-b8b4-4241-9ffd-dc5f004fd7c5,,"A leading cardiothoracic and vascular surgeon; has performed 20,000+ cardiac/cardiovascular surgeries. A pioneer of minimally invasive cardiac surgery (MICS) and among the first to introduce robotic cardiac surgery in India. Expertise in MICS-CABG, total arterial and redo coronary/valve surgery, aortic surgery/stenting and heart transplantation. Founder, Indian College of Cardiology; Fellow, Cardiological Society of India.",/images/specialists/dr-yugal-k-mishra.webp,true,2026-09-19 06:24:26.150142+00,"Chairman, Cardiac Sciences",,,false,"[""MBBS — S.S. Medical College, Rewa"",""MS (General Surgery)"",""PhD (Cardiothoracic & Vascular Surgery) — Bakulev Institute of Cardiovascular Surgery, Moscow (1991)"",""Fellowship (CTVS) — University Hospital Uppsala, Sweden; robotic cardiac surgery training (Ohio State University, USA); endoscopic IMA harvesting (Institut de Télésurgery, Strasbourg, France)""]","[""Padma Shri"",""Dr. B.C. Roy National Award (per several profiles)""]",,"[""Director (Cardiovascular Surgery), Fortis Escorts Heart Institute"",""Director (Cardiovascular & MICS), Max Heart & Vascular Institute, Saket""]",
13f1650c-1161-445d-85a4-e538ff3cf20c,Dr. D.K. Agarwal,dr-d-k-agarwal,Nephrology,8e7ced60-3dc8-4b24-9859-aad5732874fd,,"A senior nephrologist with expertise in dialysis (HD, CAPD), kidney transplantation (including live-related and cadaveric), hypertension, nephrotic syndrome and renal biopsy. Active in the CAPD program. Member of the Association of Physicians of India, the Indian Medical Association, NAMS, the Indian Society of Organ Transplantation, and the American Society of Nephrology.",/images/specialists/dr-d-k-agarwal.webp,true,2026-09-19 06:24:26.150142+00,"Senior Consultant, Nephrology",,,false,"[""MBBS (1984) — S.N. Medical College, Agra"",""MD (Internal Medicine) (1988)"",""DM (Nephrology) (1992); DNB (Nephrology); MNAMS; FICP; FISN; FASN (2018)"",""Training/experience at SGPGI (Lucknow) and NIMS (Hyderabad); visiting Assistant Professor, University of Missouri–Columbia (USA)""]","[""Dr. K.S. Mathur Gold Medal (Agra University, MD, 1988)"",""Fellow, Indian Society of Nephrology (2003)"",""Best Oral Presentation (2nd International Congress on Transplantation & Kidney Diseases, 1998)"",""Apollo academic achievement award (2017)""]",,,"[""Approximately 59 national and international publications""]"
153f3c90-520c-44da-8ccc-979552aa9b86,Dr. Balbir Kalra,dr-balbir-kalra,Cardiac Care,68a3daff-b3cb-4f44-aa3b-f7509ec2c959,18,"A cardiologist trained in clinical, non-invasive and invasive cardiology, with a clientele that has included senior Government of India officials.",/images/specialists/dr-balbir-kalra.webp,true,2026-09-19 06:24:26.150142+00,"Chief, Interventional Cardiology",,,false,"[""MBBS — Bhopal University"",""MD (Medicine) — Armed Forces Medical College (AFMC), Pune"",""DM (Cardiology) — Armed Forces Medical College (AFMC), Pune""]","[""Former President, IMA Gurgaon (2005–2006)"",""State Vice President, Haryana IMA (2006–2007)""]",,"[""HOD, Cardiology, Army Base Hospital, New Delhi""]","[""Published research papers (e.g., in the Indian Heart Journal) and delivered guest lectures""]"
1603239a-b649-4cce-917c-2c2ed90c96f3,Dr. Anil Kumar Kansal,dr-anil-kumar-kansal,Neurosurgery,3347adc9-d8bc-4aa8-8233-20d8c99c901b,28,"Principal Director / Vice Chairman & HOD of Neurosurgery & Neuro-Spine. Has performed 4,500+ brain and 2,000+ spine surgeries. Expertise in minimally invasive/keyhole spine surgery, neuro-endoscopy, functional neurosurgery (deep brain stimulation), aneurysm clipping, epilepsy and skull-base surgery. Member of the Neurological Society of India, the Delhi Neurological Association, and the Delhi Spine Society.",/images/specialists/dr-anil-kumar-kansal.webp,true,2026-09-19 06:24:26.150142+00,"Director/Head, Neurosurgery",,,false,"[""MBBS — Lala Lajpat Rai Memorial Medical College, Meerut (1994)"",""MS (General Surgery) — King George's Medical College, Lucknow University (1997)"",""MCh (Neurosurgery) — King George's Medical College, Lucknow University (2001)"",""Advanced fellowships/training: endoscopic brain & spine (Germany); advanced spinal training (Seoul St. Mary's Hospital, South Korea); percutaneous discectomy/nucleoplasty (Bangkok); MAST (Singapore); stereotactic & functional neurosurgery (Freiburg, Germany)""]",,,"[""Director & HOD, Neurosurgery & Spine Surgery, Fortis Hospital, Shalimar Bagh"",""Senior Consultant, Max Hospital, Shalimar Bagh"",""Senior Consultant & HOD, Maharaja Agrasen Hospital"",""VIMHANS"",""Indraprastha Apollo Hospital""]",
16641e64-6743-454f-8e12-7a3bb4f2cd69,Dr. Subrat Kumar Acharya,dr-subrat-kumar-acharya,Gastroenterology,6933d205-be44-42d4-98bb-4bcb7dfee661,40,"A highly distinguished gastroenterologist and liver transplant physician. His career spans nearly four decades at AIIMS, New Delhi, where he retired as Professor and Head of Gastroenterology. Areas of expertise cover all of gastroenterology and liver disease, including transplant hepatology and advanced endoscopy. Emeritus Professor, AIIMS New Delhi; Dean (Research), Fortis Group of Hospitals; Pro-Chancellor, KIIT University, Bhubaneswar; President, AIIMS Bhubaneswar; past president of the Indian National Association for Study of the Liver (INASL) and the Indian Society of Gastroenterology (ISG). Fellow of the Indian Academy of Sciences.",/images/specialists/dr-subrat-kumar-acharya.webp,true,2026-09-19 06:24:26.150142+00,"Executive Director, Gastroenterology (Fortis Escorts Liver & Digestive Diseases Institute)",,,false,"[""MBBS — MKCG Medical College, Berhampur University, Odisha (1974; best outgoing student, with honours)"",""MD (General Medicine) — Utkal University, Odisha (1980)"",""DM (Gastroenterology) — AIIMS, New Delhi""]","[""Padma Shri (2014) — Government of India"",""Samanta Chandrasekhar Award; J.C. Bose Award; Mitra Olympus Endoscopy Award; P.N. Berry Award; Commonwealth Medical Fellowship Award; Om Prakash Memorial Award; Best Young Investigator Award (Asia-Pacific Association for Study of the Liver)"",""S.R. Naik Oration (INASL, 2010); P.N. Chuttani Oration (ISG, 2009)""]",,"[""Professor & Head of Gastroenterology, AIIMS New Delhi (retired)""]","[""320+ papers and 50+ book chapters""]"
1b9865d0-a9a2-47e7-91f8-26dbe82c1d9d,Dr. Vibhor Sharma,dr-vibhor-sharma,Oncology Care,55fba62f-7bd1-4396-94ff-57a1d09f07e3,,"A medical and haemato-oncologist and bone marrow transplant physician. Has performed 100+ bone marrow transplants (adults and children) for haematological malignancies and benign disorders (aplastic anaemia, thalassemia major, sickle cell anaemia, Fanconi anaemia, congenital immunodeficiencies). Also treats solid tumours (lung, breast, GI, gynaecological & urological cancers) and blood cancers (leukemias, lymphomas, myeloma, MDS). Member of the European Society of Medical Oncology (ESMO), the American Society of Clinical Oncology (ASCO), and the Indian Society of Medical & Pediatric Oncology (ISMPO).",/images/specialists/dr-vibhor-sharma.webp,true,2026-09-19 06:24:26.150142+00,"Associate Director & Head, Medical Oncology / Bone Marrow Transplant (Unit-II)",,,false,"[""MBBS — Pt. B.D. Sharma PGIMS, Rohtak (2004)"",""MD (General Medicine) — Jawaharlal Nehru Medical College, Aligarh (2011); DNB (General Medicine)"",""DM (Medical Oncology) — Tata Memorial Hospital, Mumbai (2015); DNB (Medical Oncology)"",""Post-DM Fellowship in Bone Marrow Transplant — Christian Medical College, Vellore (2018)"",""ESMO certification""]","[""Chinese Society of Clinical Oncology Merit Award (2015)""]",,"[""Senior Consultant, Medical Oncology, Hemato-Oncology & BMT, Paras Hospital, Gurgaon (2020–2022)"",""Consultant, Jaypee Hospital, Noida"",""Consultant, Venkateshwar Hospital, New Delhi"",""Consultant, Fortis Memorial Research Institute, Gurugram""]","[""Several publications in national and international journals; frequently invited faculty at national/international meetings""]"
1bb72aa3-63b5-444f-835f-402edec6c773,Dr. Subhash Gupta,dr-subhash-gupta,Liver Transplant,8e7ced60-3dc8-4b24-9859-aad5732874fd,39,"A pioneer of living-donor liver transplantation (LDLT) in India, born 12 June 1963. Widely recognized after performing 300 LDLTs at the Centre for Liver & Biliary Sciences in 2013, and for helping set up liver transplant programs in India and abroad. 30+ papers on LDLT.",/images/specialists/dr-subhash-gupta.webp,true,2026-09-19 06:24:26.150142+00,"Senior Consultant, Liver Transplant Program",,,false,"[""MBBS & MS (General Surgery) — AIIMS, New Delhi"",""Specialization in surgical gastroenterology (1989)"",""FRCS (Edinburgh & Glasgow); FRCSEd (Liver Transplant)"",""Trained under Dr. Paul McMaster at Queen Elizabeth Hospital, Birmingham (1993–95), then Leeds (St. James's University Hospital, 1995–98)""]","[""Delhi Medical Association Gold Medal (2005)"",""Rotary Club Distinguished Clinician Award (2011)"",""Vishist Chikitsak Rattan (Distinguished Clinician, Delhi Medical Association, 2012)"",""Uttar Pradesh government recognition (2016)"",""Honorary Professorships (Apollo Health Education & Research Foundation; IPGMER Kolkata)""]",,,
1d13e361-eb50-49cd-a5fb-848f09a7b75c,Dr. Sameer Shrivastava,dr-sameer-shrivastava,Cardiac Care,2afa15cc-809b-498c-981c-126d5bc494bb,,"A cardiologist with a focus on non-invasive cardiology and cardiac imaging — 2D echocardiography, vascular Dopplers, and ambulatory blood pressure monitoring.",/images/specialists/dr-sameer-shrivastava.webp,true,2026-09-19 06:24:26.150142+00,"Senior Consultant, Cardiology",,,false,"[""MBBS"",""MD (General Medicine)"",""DM (Cardiology)""]",,,,
1f64e750-27dd-4410-87a0-ffe325745fc0,Dr. Amit Sehgal,dr-amit-sehgal,General Surgery,d386c166-929d-48a2-a954-92c4745633d2,19,"A general and laparoscopic surgeon. Expertise in gastrointestinal surgery, breast surgery, soft-tissue lumps, gallstone/hernia/appendix surgery, and GI obstruction/perforation procedures.",/images/specialists/dr-amit-sehgal.webp,true,2026-09-19 06:24:26.150142+00,"Senior Consultant, General & Bariatric Surgery",,,false,"[""MBBS — Byramjee Jeejeebhoy Government Medical College & Sassoon General Hospital, Pune (2000)"",""MS (General Surgery) — Ahmedabad Civil Hospital (2003)""]",,,"[""Senior Registrar, Indraprastha Apollo Hospital, New Delhi"",""Consultant, Able Hospital / SR Soin Hospital, Palwal""]",
1f679b63-8444-4983-b6a4-bd484dcd3cae,Dr. Vikas Agarwal,dr-vikas-agarwal,Nephrology,fbd28ea2-0d7d-4532-8243-56a5ae2d16db,15,"A urologist, robotic surgeon and kidney transplant specialist who has performed 500–600+ kidney transplants and 100+ robotic surgeries, with expertise in laparoscopic donor nephrectomy, kidney/prostate/bladder cancer surgery, and laser endourology for stones and prostate enlargement. Member of the Urological Society of India (USI), the Indian Society of Organ Transplantation (ISOT), and the American Urological Association (AUA).",/images/specialists/dr-vikas-agarwal.webp,true,2026-09-19 06:24:26.150142+00,"Director & HOD, Urology, Uro-Oncology & Kidney Transplantation",,,false,"[""MBBS — Pt. B.D. Sharma PGIMS, Rohtak"",""MS (General Surgery) — Pt. B.D. Sharma PGIMS, Rohtak"",""DNB (Genitourinary Surgery) — Muljibhai Patel Urological Hospital (MPUH), Nadiad""]",,,"[""Max Healthcare"",""Fortis Healthcare"",""Medanta"",""Asian Hospital""]",
1f8e5f93-c192-44d7-97ff-4e5a84654193,Dr. Harish Ghoota,dr-harish-ghoota,Orthopaedic Care,2fa916fb-2d90-4f8c-b2bc-b5b22e84b1cb,,"An orthopaedic surgeon specialising in hip, knee, elbow and shoulder replacement and keyhole (arthroscopic) joint surgery. Known for partial knee replacement (""button surgery"") and navigated total knee replacement; reported 8,000+ successful surgeries. Previously led the Joint Replacement & Sports Medicine Unit at S.N. Medical College, Agra. Noted as a pioneer of navigated and partial knee replacement in Faridabad.",/images/specialists/dr-harish-ghoota.webp,true,2026-09-19 06:24:26.150142+00,"Additional Director, Orthopaedics",,,false,"[""MBBS — King George's Medical College (KGMC), Lucknow"",""MS (Orthopaedics) — KGMC, Lucknow"",""MRCS — Edinburgh, UK"",""Fellowships/training: Oxford University (UK); European Centre for Knee Research, Leuven (Belgium); Anatomical Institutes in Vienna and Würzburg; BJ Klinik, Tuttlingen (Germany); Mount Carmel Hospital, Columbus (USA); Chulalongkorn University, Bangkok (arthroscopy)""]",,,"[""Joint Replacement & Sports Medicine Unit, S.N. Medical College, Agra""]",
223184fe-8be6-4738-b506-a5cc11115556,Dr. Parvathi Unninayar Iyer,dr-parvathi-unninayar-iyer,Cardiac Care,6933d205-be44-42d4-98bb-4bcb7dfee661,41,"Dr. Parvathi Unninayar Iyer leads paediatric cardiac intensive care at Fortis Escorts Heart Institute, New Delhi, and has more than 40 years of experience. She graduated from AIIMS, New Delhi, and trained in paediatric and neonatal intensive care at the Royal Children's Hospital, Melbourne, and Royal Prince Alfred Hospital, Sydney. She was the first paediatric cardiac intensivist in India and opened northern India's first dedicated paediatric cardiac intensive care unit at the institute in 1995, as part of the first Indian programme to build an intensivist into the paediatric cardiac team. She has trained more than 30 paediatric cardiac intensivists now working in India and abroad.",,false,2026-09-06 21:45:48.544128+00,"Principal Director, Paediatric Cardiac Intensive Care",Paediatric Cardiology,,false,"[""MBBS (AIIMS, New Delhi)"",""MD Paediatrics (PGIMER, Chandigarh)"",""Training in Paediatric and Neonatal Intensive Care, Royal Children's Hospital, Melbourne"",""Training in Paediatric and Neonatal Intensive Care, Royal Prince Alfred Hospital, Sydney""]",,,"[""Helped establish paediatric cardiac ICUs in Bangladesh, Indonesia, Malaysia, and Nepal""]",
23f56a44-852b-4c55-abce-2acc52f48ba7,Dr. Nitesh Rohatgi,dr-nitesh-rohatgi,Oncology Care,ee6f3f0c-ee78-4a8f-8d4b-01005b2e0567,20,"A leading UK-trained medical oncologist. Special interests span breast, lung, gynaecological, GI/hepatobiliary, brain, head & neck, and genitourinary (kidney/bladder/prostate) cancers, with a strong interest in quality-of-life in cancer care. Principal investigator on clinical trials (including BIRAC-Oncology). Recognised as a key opinion leader in Indian oncology, with visiting physician invitations (e.g., MD Anderson Cancer Center, USA).",/images/specialists/dr-nitesh-rohatgi.webp,true,2026-09-19 06:24:26.150142+00,Medical Oncology,,,false,"[""MBBS & MD (Medicine) — University College of Medical Sciences, Delhi"",""DNB; MNAMS"",""M.Med (Medical Education) — University of Dundee, UK"",""CCT (Clinical Oncology / Medical Oncology) — Leeds, UK (2009); trained at St. James's Institute of Oncology, Leeds"",""FRSM (London); MRCP (London); FRCP (Edinburgh)""]",,,"[""Director of Medical Oncology, Max Hospital, Saket (from 2011)"",""London Oncology Clinic (Leaders in Oncology Care), Harley Street, London"",""St. James's Institute of Oncology, Leeds""]","[""Numerous publications""]"
23fed66d-52ab-4708-bb63-967b2b097fff,Dr. Rakesh Rai Sapra,dr-rakesh-rai-sapra,Cardiac Care,aead77fb-b45e-4e08-b49e-287bc8125fe7,,,/images/specialists/dr-rakesh-rai-sapra.webp,true,2026-09-19 06:24:26.150142+00,"Senior Consultant, Cardiac Surgery",,,false,,,,,
253ec554-f1d4-4e8c-8ae7-fdf586488917,Dr. Salil Jain,dr-salil-jain,Nephrology,ee6f3f0c-ee78-4a8f-8d4b-01005b2e0567,28,"Dr. Salil Jain heads nephrology and renal transplantation at Fortis Memorial Research Institute, Gurgaon, with more than 28 years in the specialty. He completed a fellowship in nephrology and renal transplantation at the University of Toronto, and previously worked at St. Stephen's Hospital, Apollo Hospital, Fortis Vasant Kunj and Medanta – The Medicity. His practice covers chronic kidney disease, dialysis, critical care nephrology, and kidney transplantation of every type including live donor, deceased donor and paediatric transplantation. He is a member of the Indian Society of Nephrology, the Indian Society of Organ Transplantation, the American Society of Transplantation and the European Dialysis and Transplant Association.",,false,2026-09-06 21:45:48.544128+00,"Senior Director & Head, Nephrology & Renal Transplant",Nephrology & Kidney Transplant Medicine,,false,"[""MBBS"",""MD General Medicine"",""DNB Nephrology"",""Fellowship in Nephrology & Renal Transplant, University of Toronto""]",,,,
25769c22-771e-45fd-9962-95b8ce6cf442,Dr. Anuja Porwal,dr-anuja-porwal,Nephrology,c61c7a6e-26e0-4c06-9f70-3cec469540e4,15,"A nephrologist and kidney-transplant specialist. Special interest in complex kidney transplants — ABO-incompatible, HLA-incompatible, highly sensitized second transplants, and live-related and cadaveric transplants — plus critical-care nephrology, dialysis (HD, CRRT, CAPD) and hypertension. Member of the Indian Society of Nephrology, the Indian Society of Organ Transplantation, and the American Society of Nephrology.",/images/specialists/dr-anuja-porwal.webp,true,2026-09-19 06:24:26.150142+00,Senior Nephrology Lead,,,false,"[""MBBS — Baba Raghav Das Medical College, Gorakhpur (2003)"",""DNB (Internal Medicine) — National Board of Examinations, New Delhi (2010)"",""DNB (Nephrology) — National Board of Examinations, New Delhi (2015)""]","[""Gold Medal for an original research paper on central-venous-catheter-related bloodstream infection, National Academy of Medical Sciences (February 2012)"",""Best Oral Paper, ISN-NZ (March 2014)""]",,"[""Apollo Hospital"",""Bara Hindu Rao Hospital, New Delhi"",""Max Super Speciality Hospital, Vaishali, Ghaziabad""]",
27d58094-a442-4bd5-9ca7-8470f1f430d0,Dr. Mukesh Pandey,dr-mukesh-pandey,Neurosurgery,55fba62f-7bd1-4396-94ff-57a1d09f07e3,18,"A neurosurgeon and spine surgeon with a special interest in minimally invasive spine surgery. Has performed approximately 2,000–3,000 neurosurgical procedures, including aneurysm surgery, brain haemorrhage, complex/paediatric brain tumours, keyhole spine surgery, and surgery for epilepsy and Parkinson's disease. Member of the Neurological Society of India and the Skull Base Society of India.",/images/specialists/dr-mukesh-pandey.webp,true,2026-09-19 06:24:26.150142+00,"Director & HOD, Neurosurgery / Centre for Neurosciences",,,false,"[""MBBS — King George's Medical College / University, Lucknow"",""MS (General Surgery) — Sarojini Naidu Medical College, Agra"",""MCh (Neurosurgery) — Sree Chitra Tirunal Institute of Medical Sciences & Technology, Trivandrum""]","[""Best Resident Award and a Gold Medal during MS (General Surgery)"",""Reported recognition as \""Best Neurosurgeon in India,\"" attributed to the Indian Medical Association""]",,"[""Senior Consultant & HOD, Neuro & Spine Surgery, Fortis Hospital, Shalimar Bagh, New Delhi"",""Senior Consultant, Sarvodaya Hospital, Faridabad"",""Assistant Professor of Neurosurgery, Pariyaram Medical College, Kerala""]",
28e5e8f3-5108-49dd-814d-b8541118ec22,Dr. Neeraj Awasthy,dr-neeraj-awasthy,Cardiac Care,6933d205-be44-42d4-98bb-4bcb7dfee661,20,"Dr. Neeraj Awasthy is a paediatric cardiologist with 20 years of experience and directs paediatric cardiology at Fortis Escorts Heart Institute, New Delhi. He completed his MBBS and MD in Paediatrics at the University of Delhi and his Fellowship of the National Board in Paediatric Cardiology. His practice covers paediatric cardiac intervention including device closure of PDA, ASD, VSD and ruptured sinus of Valsalva, balloon valvoplasty and stenting, neonatal cardiac intervention, foetal cardiology, pulmonary arterial hypertension, and grown-up congenital heart disease. He has more than 120 publications and reviews for several national and international journals.",,false,2026-09-06 21:45:48.544128+00,"Director, Paediatric Cardiology",Paediatric Cardiology,,false,"[""MBBS (UCMS, University of Delhi, 1999)"",""MD Paediatrics (Safdarjung Hospital & VMMC, University of Delhi, 2004)"",""FNB Paediatric Cardiology (National Board of Examinations, via Escorts Heart Institute, 2009)""]",,,,
2c1000d0-7f11-441e-84cd-68f5371a7e6b,Dr. Kunal Bahrani,dr-kunal-bahrani,Neurosurgery,aead77fb-b45e-4e08-b49e-287bc8125fe7,,,/images/specialists/dr-kunal-bahrani.webp,true,2026-09-19 06:24:26.150142+00,"HOD, Neurology",,,false,,,,,
2c383331-61c4-4587-b5ae-b6b6189e7064,Dr. Manoj Miglani,dr-manoj-miglani,Orthopaedic Care,912ac359-026e-4257-8477-0bf4aff69b23,22,"A senior orthopaedic and spine surgeon. Special interest in minimally invasive (endoscopic) spine surgery and fixations, spinal trauma and degenerative spine disease, and joint replacement (knee, hip, shoulder, elbow, foot). Member of the Delhi Orthopaedic Association, AO Spine, and the Association of Spine Surgeons of India (ASSI).",/images/specialists/dr-manoj-miglani.webp,true,2026-09-19 06:24:26.150142+00,"Principal Director, Orthopaedics",,,false,"[""MBBS — G.B. Pant Hospital / Maulana Azad Medical College, New Delhi (1997)"",""MS (Orthopaedics) — All India Institute of Medical Sciences (AIIMS), New Delhi (2000)"",""ICMR research associate (wrist arthroscopy project), AIIMS; senior residency, AIIMS""]",,,"[""Consultant (Orthopaedics & Spine Surgery), Artemis Hospital, Gurgaon"",""Consultant, Jaipur Golden Hospital"",""Consultant/visiting roles, Indraprastha Apollo Hospital, New Delhi""]",
2c46ba11-fce3-41c3-98f2-606771a65a38,Dr. Rakesh Ojha,dr-rakesh-ojha,Oncology Care,c61c7a6e-26e0-4c06-9f70-3cec469540e4,,"A medical oncologist and bone-marrow-transplant specialist, US-trained and American Board certified in both Medical Oncology and Hematology. Known for work in bone marrow transplantation. Member of the American Society of Hematology and the American Society for Blood and Marrow Transplantation.",/images/specialists/dr-rakesh-ojha.webp,true,2026-09-19 06:24:26.150142+00,"HOD, Medical Oncology",,,false,"[""MBBS — G.S.V.M. Medical College, Kanpur (Kanpur University)"",""MD"",""Diplomate, American Board of Internal Medicine; American Board certification in Medical Oncology and Hematology"",""Fellowship in Hematology & Medical Oncology (USA); AMGEN Oncology Research Fellowship""]","[""Faculty Teaching Award, St. Joseph's Regional Medical Center, NJ"",""New Jersey Cancer Research Award for Scientific Excellence"",""Clinical Cancer Research Paper Award""]",,"[""St. Joseph's Regional Medical Center, New Jersey"",""New Jersey Commission on Cancer Research""]",
2d776d91-384d-468e-8c74-e81db86d4d02,Dr. Sanjay Gupta,dr-sanjay-gupta,Cardiac Care,,30,"Dr. Sanjay Gupta has more than three decades in cardiothoracic and vascular surgery and has directed the department at Fortis Flt. Lt. Rajan Dhall Hospital, Vasant Kunj, since 2006. He has performed over 5,000 operations spanning congenital heart surgery, coronary bypass, valve surgery, and vascular and thoracic procedures, and more than half are done without blood transfusion. He is known for operating on high-risk emergency patients and on patients with chronic kidney disease with low in-hospital mortality. Before joining Fortis he was head and chief of cardiac surgery at Narinder Mohan Hospital.",,false,2026-09-06 21:45:48.544128+00,,Cardiac Surgery,,false,,,,,
2f2d5cd4-e46c-48a4-ab77-d5791bf91b1e,Dr. Amit Pendharkar,dr-amit-pendharkar,Cardiac Care,fbd28ea2-0d7d-4532-8243-56a5ae2d16db,15,"A well-regarded interventional cardiologist with expertise in both non-invasive and interventional cardiology. Known for a patient-centric approach, he has performed over 10,000 diagnostic and interventional procedures, echocardiograms and stress tests.",/images/specialists/dr-amit-pendharkar.webp,true,2026-09-19 06:24:26.150142+00,"Director, Cardiology (Unit 2)",,,false,"[""MBBS — M.G.M. Medical College & M.Y. Hospital, Indore"",""MD (Medicine) — M.G.M. Medical College & M.Y. Hospital, Indore"",""DM (Cardiology) — All India Institute of Medical Sciences (AIIMS), New Delhi"",""Specialized training in TAVR (Evolut R / CoreValve)""]","[""Gold Medal in ENT (1997), M.G.M. Medical College, Indore""]",,"[""Director & Unit Head, Cardiology — Aakash Healthcare"",""BLK-Max Super Speciality Hospital"",""Kalra Hospital"",""Hindu Rao Hospital"",""Metro / RLKC Hospitals""]",
3029428e-2d87-4f82-9363-395e33fc3922,Dr. Giriraj Singh Bora,dr-giriraj-singh-bora,Gastroenterology,68a3daff-b3cb-4f44-aa3b-f7509ec2c959,,"Chief/Chairperson of Liver Transplant & Senior Consultant, GI & HPB Surgery (since approximately 2015–16). A founder member of the Liver Transplant Society of India and the first surgeon to perform a liver transplant in Rajasthan (both the first living-donor and first deceased-donor transplant in the state). Involved in 1,500+ liver transplants; leads one of India's larger paediatric liver transplant programs. Interests include liver transplantation and resections for hepatocellular cancer, combined liver-kidney transplant, and pancreatic surgery.",/images/specialists/dr-giriraj-singh-bora.webp,true,2026-09-19 06:24:26.150142+00,"Additional Director & Chief, Liver Transplant & HPB Surgery (Surgical Gastroenterology / GI & HPB Surgery)",,,false,"[""MBBS — JLN Medical College, Ajmer (University of Rajasthan)"",""MS (General Surgery) — University of Rajasthan (2003)"",""MCh (Surgical Gastroenterology) — G.B. Pant Hospital, Maulana Azad Medical College, New Delhi (2008)"",""Fellowship in Liver Transplantation — Indraprastha Apollo Hospital, New Delhi (2011)"",""Senior residency in Surgical Gastroenterology — SGPGI, Lucknow""]","[""Felicitation by the Chief Minister of Rajasthan (first liver transplant in the state)"",""Young Investigator Award, International Liver Transplant Society (Sydney, 2013)""]",,"[""Consultant GI surgeon, Jaipur"",""Fellow/consultant, Centre for Liver & Biliary Sciences (CLBS)""]","[""Numerous publications on hepatobiliary-pancreatic surgery and liver transplantation; contributor/editor to journals and textbooks"",""Presentations at ILTS conferences (San Francisco 2012, Sydney 2013)""]"
30cc5c0f-7996-4c88-b9ab-bb3a78d81bab,Dr. Naval Mendiratta,dr-naval-mendiratta,Rheumatology,ee6f3f0c-ee78-4a8f-8d4b-01005b2e0567,12,"Dr. Naval Mendiratta is a Senior Consultant in rheumatology and immunology at Fortis Memorial Research Institute, Gurugram, with over 12 years of experience. He completed his MBBS at Sri Ramachandra University, Chennai, in 2007, his MD in Medicine at Bharati Vidyapeeth University, Pune, in 2011, and a fellowship in rheumatology and immunology at Tan Tock Seng Hospital, Singapore, in 2013. His practice covers vasculitis, systemic lupus erythematosus and spondyloarthropathy, and he has served as a co-investigator on drug trials for biosimilars, JAK inhibitors and ANCA-associated vasculitis. He is a member of the Indian Rheumatology Association and the British Society for Rheumatology.",,false,2026-09-06 21:45:48.544128+00,"Senior Consultant/Director, Rheumatology & Clinical Immunology",Rheumatology,,false,"[""MBBS (Sri Ramachandra Medical College / University, Chennai, 2006/07)"",""MD General Medicine (Bharati Vidyapeeth Deemed University, Pune, 2011)"",""Clinical Fellowship in Rheumatology & Immunology, Tan Tock Seng Hospital, Singapore (2013)""]","[""Gold Medal in MD Medicine (highest marks in medicine)""]",,"[""Senior Resident, Fortis Vasant Kunj"",""Senior Resident to Consultant, Medanta – The Medicity""]",
3367da47-cb0e-49b0-b62d-ab72c9b3fe09,Dr. Sanjeev Gulati,dr-sanjeev-gulati,Urology Care,6933d205-be44-42d4-98bb-4bcb7dfee661,,"Principal/Executive Director & Head of Nephrology, with roles across the Fortis NCR network, including Fortis Flt. Lt. Rajan Dhall Hospital, Vasant Kunj and Fortis C-DOC. Special expertise in kidney transplantation and paediatric renal disease. Played a pivotal role in the large dialysis and transplant program at SGPGI, Lucknow. Vice President, Indian Society of Organ Transplantation; Governing Body member, Indian Society of Nephrology; reviewer for journals including Pediatrics, American Journal of Kidney Diseases, Pediatric Nephrology and Indian Pediatrics.",/images/specialists/dr-sanjeev-gulati.webp,true,2026-09-19 06:24:26.150142+00,"Principal/Executive Director & HOD, Nephrology",,,false,"[""MBBS — University of Delhi (1985)"",""MD (Paediatrics) — PGIMER, Chandigarh (1989)"",""DNB (Paediatrics) — National Board of Examinations (1991)"",""DM (Nephrology) — Sanjay Gandhi Postgraduate Institute of Medical Sciences (SGPGI), Lucknow; DNB (Nephrology)""]","[""Best Abstract Award, Asian Pacific Congress of Nephrology (Kuala Lumpur, 2008)"",""Best Paper (Clinical Nephrology), ISN Annual Conference (New Delhi, 2008)"",""Best Poster (Clinical Nephrology), 33rd ISN National Conference (2002)"",""ISN-NKF scholarship (World Congress of Nephrology satellite, Singapore, 2005)"",""Recognition from ICMR, the Indian Academy of Pediatrics, and colleges in the UK, Australia, Canada and Japan""]",,"[""Additional Professor in Nephrology, SGPGI, Lucknow"",""Associate Professor in Pediatric Nephrology, McMaster University, Hamilton, Canada"",""Experience at leading hospitals in the UK, Australia and Canada""]","[""130+ scientific papers in indexed journals (including NEJM, Kidney International, American Journal of Kidney Diseases); authored a book on Childhood Renal Diseases""]"
33b760a6-b323-4e2c-83d7-dd42329448a6,Dr. Amite Pankaj Aggarwal,dr-amite-pankaj-aggarwal,Orthopaedic Care,66e22246-b162-4de3-92b9-90cb755ce28f,,"One of the youngest people to become a Professor of Orthopaedics in India. Has performed 10,000+ joint replacement surgeries; a pioneer of robotic-assisted joint replacement and the ""Fast-Track"" total knee arthroplasty concept, with a focus on knee/shoulder sports arthroscopy and cartilage restoration.",/images/specialists/dr-amite-pankaj-aggarwal.webp,true,2026-09-19 06:24:26.150142+00,"Director & HOD, Orthopaedics",,,false,"[""MBBS, MS (Orthopaedics) — All India Institute of Medical Sciences (AIIMS), New Delhi"",""National and international fellowships/advanced training in arthroplasty and arthroscopy""]","[""Ranawat's \""K.T. Dholakia\"" Award"",""IOS-UK Fellowship Award"",""Multiple national/international fellowships""]",,,
356a1e43-c4e7-4e8d-a980-54a1f51ea222,Dr. Neerav Goyal,dr-neerav-goyal,Liver Transplant,8e7ced60-3dc8-4b24-9859-aad5732874fd,,"A liver transplant and HPB surgeon leading the liver transplant/HPB program at Apollo since approximately 2002. Has performed 2,500+ transplants. Expertise in living-donor liver transplantation, pancreatic cancer and cholangiocarcinoma surgery. Member of the Centre for Liver & Biliary Surgery, the Delhi Medical Association, and the International Liver Transplant Society.",/images/specialists/dr-neerav-goyal.webp,true,2026-09-19 06:24:26.150142+00,"Senior Consultant, Liver Transplant Surgery",,,false,"[""MBBS — Kempegowda Institute of Medical Sciences, Bangalore"",""DNB (General Surgery) — St. Stephen's Hospital, New Delhi"",""DNB (GI Surgery / Liver Transplant) — G.B. Pant Hospital, New Delhi; DNB superspecialty training in GI Surgery & Liver Transplant at Sir Ganga Ram Hospital (under Prof. Samiran Nundy)""]","[""Gold Medal in Ophthalmology (MBBS exam, 1995)"",""Gold Medal for best paper publication (Sir Ganga Ram Hospital, 2007)"",""Best Video Award (IASG National Conference, Jaipur, 2012)""]",,,
36311a1b-9ac0-41e3-8def-3d7a2ac0c429,Dr. Ashish Agarwal,dr-ashish-agarwal,Cardiac Care,fbd28ea2-0d7d-4532-8243-56a5ae2d16db,13,"A cardiologist providing electrocardiography (ECG), echocardiography and stress echo services.",/images/specialists/dr-ashish-agarwal.webp,true,2026-09-19 06:24:26.150142+00,"Senior Consultant & HOD, Cardiology",,,false,"[""MBBS — G.R. Medical College, Gwalior"",""MD (General Medicine) — Gandhi Medical College, Bhopal"",""DM (Cardiology) — Bangalore Medical College and Research Institute / Sri Jayadeva Institute of Cardiovascular Sciences and Research, Bangalore""]","[""Interventional cardiology fellowship (Europe), awarded at a national interventional cardiology conference, Kochi (2012)""]",,"[""Sri Jayadeva Institute of Cardiovascular Sciences, Bangalore"",""Shri Ram Cardiac Center"",""Grecian Superspeciality Hospital""]",
3669b709-5e15-4aa4-a984-23a04e73e122,Dr. K. K. Handa,dr-k-k-handa,ENT Care,8f90193f-a179-462f-9f6f-82e792b10848,36,"Dr. K.K. Handa chairs ENT and head and neck surgery at Medanta – The Medicity, Gurugram, a department he has led since the hospital opened in 2009, with more than 36 years in the specialty. He was previously Associate Professor of ENT at AIIMS, New Delhi, for 13 years, and a senior resident at PGIMER, Chandigarh. He is regarded as one of India's foremost voice and laser surgeons, and introduced laryngeal framework surgery, transoral robotic surgery and botulinum toxin injection for spasmodic dysphonia to the country. His practice also covers cochlear implantation and endoscopic sinus surgery, and he is a former president of the Association of Phonosurgeons of India, which he also founded as secretary.",,false,2026-09-06 21:45:48.544128+00,"Chairman/Director, ENT & Head Neck Surgery",ENT - Head and Neck Surgery,,false,"[""MBBS (Armed Forces Medical College, Pune, 1988)"",""MS Otorhinolaryngology (PGIMER, Chandigarh, 1993)"",""DNB Otorhinolaryngology (1994)"",""MNAMS"",""Commonwealth Fellowship in Lasers & Laryngology, Glasgow Royal Infirmary, UK (2004)""]","[""Silver Medal (First Order, MS ENT examination, 1993)"",""Bharat Swasthya Samman Award, Zee News (2015)"",""Best Otorhinolaryngologist, Times Research Foundation (2012)"",""Kirti Gupta Oration""]",,,
38567c71-54cf-4c5e-b4d2-d5f31ef168e0,Dr. Aseem Ranjan Srivastava,dr-aseem-ranjan-srivastava,Cardiac Care,68a3daff-b3cb-4f44-aa3b-f7509ec2c959,16,"Head/Chief of Paediatric Cardiac Surgery (CTVS). Expertise in adult congenital heart surgery, paediatric/neonatal cardiac surgery, minimal-access and robotic cardiac surgery, and reconstructive operations for neonates and infants. Member of the World Society for Pediatric and Congenital Heart Surgery, the Pediatric Cardiac Society of India, and the Indian Association of Cardiovascular & Thoracic Surgeons.",/images/specialists/dr-aseem-ranjan-srivastava.webp,true,2026-09-19 06:24:26.150142+00,"Head, Paediatric Cardiac Surgery",,,false,"[""MBBS — GSVM Medical College / C.S.J.M. University, Kanpur"",""MS (General Surgery) — King George Medical University, Lucknow"",""MCh (Cardiovascular & Thoracic Surgery) — G.B. Pant Hospital, Maulana Azad Medical College, New Delhi"",""Clinical fellowships in congenital/paediatric cardiac surgery — Children's Hospital of Philadelphia and Children's Hospital of Pittsburgh (UPMC), USA"",""Clinical instructor in robotic/minimally invasive cardiac surgery — East Carolina Heart Institute, USA""]","[""Babu Kashi Ram Dhawan Gold Medal for Best Student in MS (Surgery), 2004""]",,,"[""Several publications on cardiac surgical techniques in international journals""]"
39313f3f-397e-4707-a98d-494c513e17c5,Dr. Anil Kumar Anand,dr-anil-kumar-anand,Oncology Care,ee6f3f0c-ee78-4a8f-8d4b-01005b2e0567,31,"Dr. Anil Kumar Anand heads radiation oncology at Fortis Memorial Research Institute, Gurgaon, with more than 31 years in the field. He completed his MBBS at Dayanand Medical College, Ludhiana, and his MD in Radiotherapy and Oncology at PGIMER, Chandigarh, with further training in radiation therapy at the New York Hospital Medical Center of Queens and in head and neck radiotherapy at Middlesex Hospital Medical School, London. He joined Fortis from Max Hospital, Saket, where he had led radiation oncology since 2009, and previously worked at Rajiv Gandhi Cancer Institute, Batra Hospital and PGIMER. His recent published work includes stereotactic body radiotherapy for recurrent head and neck cancer, and he advises scientific bodies including ICRO and the World Health Organization.",,false,2026-09-06 21:45:48.544128+00,"Principal Director, Radiation Oncology",Oncology Radiation,,false,"[""MBBS (Dayanand Medical College, Ludhiana)"",""MD Radiotherapy & Oncology (PGIMER, Chandigarh)""]",,,,
399dd26b-7dd6-45fc-9950-ce1c6e6059af,Dr. Viveka Kumar,dr-viveka-kumar,Cardiac Care,2afa15cc-809b-498c-981c-126d5bc494bb,30,"A senior interventional cardiologist and electrophysiologist. Has performed 50,000+ cardiac interventions overall, 7,500+ angioplasties and 2,500+ balloon valvotomies. Expertise in complex angioplasty (multivessel, bifurcation, left-main, rotablation, FFR, IVUS/OCT, IABP, Impella), structural heart disease (TAVI, TMVR, LAA occlusion) and device implantation; credited with India's first subcutaneous AICD and among the highest AICD implant volumes in India.",/images/specialists/dr-viveka-kumar.webp,true,2026-09-19 06:24:26.150142+00,"Principal Director, Interventional Cardiology",,,false,"[""MBBS & MD (Medicine) — Institute of Medical Sciences, BHU, Varanasi"",""DM (Cardiology) — GSVM Medical College / LPS Institute of Cardiology, Kanpur"",""TAVI & Structural Heart Fellowship — USA & Denmark; interventional cardiology & EP training at St George's and Southampton University Hospitals, UK"",""FSCAI""]","[""Dr. K. Sharan Cardiology Excellence Award (IMA), among others""]",,"[""Amrita Institute of Medical Sciences, Kerala""]","[""Multiple publications in the Indian Heart Journal and other journals""]"
3ecc88b3-3355-4ded-a050-b2f9045f3ef3,Dr. Naresh Trehan,dr-naresh-trehan,Cardiac Care,8f90193f-a179-462f-9f6f-82e792b10848,50,"Dr. Naresh Trehan is Chairman and Managing Director of Medanta – The Medicity, Gurugram, and a cardiovascular and cardiothoracic surgeon with more than five decades in practice and over 48,000 open-heart operations to his credit. He completed his MBBS at King George's Medical College, Lucknow, in 1968, and became a diplomate of the American Board of Surgery in 1977 and of the American Board of Thoracic Surgery in 1979. He practised at New York University Medical Center from 1971 to 1988, then returned to India to found Escorts Heart Institute and Research Centre, which he led until 2007, before founding Medanta in 2009. He has been awarded the Padma Shri, the Padma Bhushan and the Dr. B.C. Roy National Award.",,false,2026-09-06 21:45:48.544128+00,"Chairman & Managing Director, Chief Cardiac Surgeon",Cardiac Surgery,,false,"[""MBBS (King George's Medical College, Lucknow, 1968)"",""Diplomate, American Board of Surgery (1977)"",""Diplomate, American Board of Thoracic Surgery (1979)""]","[""Padma Bhushan"",""Padma Shri"",""Dr. B.C. Roy National Award"",""Lal Bahadur Shastri National Award""]",,"[""Personal cardiac surgeon to the President of India, since 1991""]",
3efc0c9c-795d-49ca-b514-58651b62ba57,Dr. Shiv Kumar Sarin,dr-shiv-kumar-sarin,Gastroenterology,4e52030f-c218-43cb-bba4-70957ef82c0d,30,"A world-renowned hepatologist and gastroenterologist who founded ILBS — Asia's first dedicated liver institute and a deemed university — under the Government of Delhi. Credited with new treatment protocols for variceal bleeding, liver regeneration, hepatitis B and acute-on-chronic liver failure. Also Director of the WHO Collaborating Centre on Chronic Liver Diseases & Viral Hepatitis at ILBS. Former Chairman, Board of Governors, Medical Council of India (2010–11), shaping India's medical-education reforms; President, National Academy of Medical Sciences (2021–24); past President of the Indian Society of Gastroenterology, INASL and APASL. Founding Editor of Hepatology International.",/images/specialists/dr-shiv-kumar-sarin.webp,true,2026-09-19 06:24:26.150142+00,"Director, ILBS; Senior Professor & Head, Hepatology",,,false,"[""MBBS, MD & DM (Gastroenterology)"",""Fellowship, Japanese Society for Promotion of Science (with Prof. Kunio Okuda, Chiba, Japan)"",""Fulbright/NIH fellowship (with Prof. Roberto Groszmann, Yale, USA)""]","[""Padma Bhushan (India's 3rd-highest civilian honour)"",""Shanti Swarup Bhatnagar Prize; TWAS (World Academy of Sciences) International Prize; EASL International Recognition Award (2015); Henry L. Bockus Medal (World Gastroenterology Organization, 2017); Om Prakash Bhasin Award; and many orations""]",,,"[""630–820+ publications (varies by source and date), 13 edited books, approximately 87–90 book chapters, and approximately 20 major clinical guidelines""]"
3f15a2fb-eefc-46aa-8e25-7111597dc811,Dr. Ramji Mehrotra,dr-ramji-mehrotra,Cardiac Care,3347adc9-d8bc-4aa8-8233-20d8c99c901b,33,"Dr. Ramji Mehrotra leads cardiothoracic and vascular surgery at BLK-Max Super Speciality Hospital, New Delhi, across a career spanning more than 33 years. He trained at Harvard Medical School's Brigham and Women's Hospital and Boston Children's Hospital, and is known for introducing minimally invasive and total arterial bypass techniques in India. His practice covers total arterial and beating-heart coronary bypass, complex bypass with endarterectomy, valve repair and replacement including sutureless valves, aneurysm surgery and the Bentall procedure, congenital heart surgery, heart failure surgery with ECMO and ventricular assist devices, and transcatheter aortic valve implantation. He performed the first total arterial revascularisation using bilateral mammary arteries at Indraprastha Apollo Hospitals and the first successful arterial switch operation in Mumbai.",,false,2026-09-06 21:45:48.544128+00,"Principal Director & Chief, CTVS",Cardiac Surgery,,false,"[""MBBS (IMS-BHU, Varanasi, 1988)"",""MS General Surgery (IMS-BHU, 1992)"",""MCh Cardio-Thoracic Surgery (AIIMS, New Delhi, 1996)"",""Fellowship in Cardiac Surgery, Brigham & Women's Hospital, Harvard Medical School, Boston"",""Fellowship in Cardiac Surgery, Boston Children's Hospital, Harvard Medical School""]","[""\""Legends of Cardiac Surgery\"" Award, Times of India""]",,,
3fd84eac-a57a-42c4-8a13-85589f1fc762,Dr. Sanjay Kumar,dr-sanjay-kumar,Cardiac Care,2fa916fb-2d90-4f8c-b2bc-b5b22e84b1cb,26,"A senior interventional cardiologist. Specialises in coronary angiography and angioplasty, complex (""CHIP"") interventions (chronic total occlusions, rotablation, orbital atherectomy, intravascular lithotripsy), left-main interventions, Impella/ECMO-supported PCI, coronary imaging (IVUS/OCT), complex peripheral interventions and congenital-heart device closures. Reported to have the highest number of left-main interventions in the Fortis group, per the hospital profile.",/images/specialists/dr-sanjay-kumar.webp,true,2026-09-19 06:24:26.150142+00,"Director, Cardiology",,,false,"[""MBBS"",""MD (Medicine) — G.R. Medical College, Gwalior"",""DM (Cardiology) — King George Medical University, Lucknow""]",,,,"[""Numerous national and international publications; principal investigator in several multinational trials""]"
40585cbf-9516-4738-9a97-b0545eb4ca1b,Dr. Amit Javed,dr-amit-javed,Gastroenterology,ee6f3f0c-ee78-4a8f-8d4b-01005b2e0567,25,"An expert GI, GI-cancer and bariatric/weight-loss surgeon with over 25 years of experience, performing 1,000+ complex surgeries a year. Focus on minimally invasive and robotic GI surgery, GI cancers, esophageal/stomach/colorectal and hepatobiliary surgery. Noted as the first surgeon in India to perform Whipple's surgery in pregnancy, per one profile.",/images/specialists/dr-amit-javed.webp,true,2026-09-19 06:24:26.150142+00,"Principal Director & HOD, GI / GI Oncology / Bariatric Surgery",,,false,"[""MBBS — Kasturba Medical College, Manipal"",""MS (General Surgery) & Senior Residency — PGIMER, Chandigarh"",""MCh (Gastrointestinal Surgery) — AIIMS, New Delhi"",""ECFMG certified; FACS (American College of Surgeons); Assistant Professor, Abdominal Transplant Surgery, University of California, San Francisco (UCSF); advanced thoracic/GI oncology training at Memorial Sloan Kettering Cancer Center (MSKCC), New York""]","[""Best Paper Award, Indian Association of Surgical Gastroenterology""]",,"[""Faculty in GI Surgery, G.B. Pant Institute, New Delhi""]","[""50+ articles in international and national journals; introduced several surgical techniques""]"
40b4eec8-c4e4-41b9-a611-ecad83c2bcd0,Dr. Shiv Kumar Choudhary,dr-shiv-kumar-choudhary,Cardiac Care,6933d205-be44-42d4-98bb-4bcb7dfee661,32,"Dr. Shiv Kumar Choudhary is former Professor and Head of Cardiothoracic and Vascular Surgery at AIIMS, New Delhi, and now leads adult heart and vascular surgery at Fortis Escorts Heart Institute. He completed his MBBS and MS in General Surgery at GSVM Medical College, Kanpur, and his MCh in Cardiothoracic and Vascular Surgery at AIIMS. He is among the country's most experienced aortic surgeons, and his practice covers complex and minimally invasive valve procedures, redo operations, total arterial and poor-LV bypass grafting, pulmonary thromboendarterectomy, surgery for hypertrophic obstructive cardiomyopathy, and heart failure surgery including transplantation and ventricular assist devices. He has published more than 470 research papers.",,false,2026-09-06 21:45:48.544128+00,"Executive Director, CTVS",Cardiac Surgery,,false,"[""MBBS (GSVM Medical College, Kanpur)"",""MS General Surgery (GSVM Medical College, Kanpur)"",""MCh Cardiothoracic & Vascular Surgery (AIIMS, New Delhi, 1996)""]","[""Best in Cardiology, Times Healthcare Achievers Awards"",""Excellence in Healthcare Award, Association of Healthcare Providers India""]",,,"[""Contributor to national cardiac-surgery guidelines""]"
41262901-e39d-4635-af50-ecb2f4b82ecd,Dr. Deepak Sarin,dr-deepak-sarin,Oncology Care,8f90193f-a179-462f-9f6f-82e792b10848,27,"Dr. Deepak Sarin directs the head and neck oncology unit at Medanta – The Medicity, Gurugram, with more than 27 years in the field. He trained as a clinical fellow in head and neck ablative and reconstructive surgery at the Sylvester Comprehensive Cancer Center, University of Miami. His practice covers minimally invasive, robotic and laser surgery for head and neck cancer, thyroid and parathyroid surgery, parotid surgery, skull base surgery and tracheal reconstruction. He established head and neck surgery departments at Sir Ganga Ram Hospital in 2005, at Artemis Hospital in 2007 and at Medanta in 2011, and is active in clinical and translational research.",,false,2026-09-06 21:45:48.544128+00,"Vice Chairman / Director, Head & Neck Oncology",ENT Oncology Surgery,,false,"[""MBBS (AIIMS, New Delhi, 1994)"",""MS Otolaryngology (AIIMS, 1997)"",""DNB Otorhinolaryngology (National Board, 2001)"",""Clinical Fellowship in Head, Neck & Reconstructive Surgery, Sylvester Comprehensive Cancer Center, University of Miami, USA (2005)""]","[""Kamani Charity Trust Prize (Gold Medal, MS ENT, AIIMS, 1997)"",""Mukut Sahariya Award (1997)"",""Chandler Society Award, USA (2005)""]",,,
41e04008-a7b8-4d1a-90f6-86ffde185140,Dr. Z S Meharwal,dr-z-s-meharwal,Cardiac Care,6933d205-be44-42d4-98bb-4bcb7dfee661,38,"Dr. Z S Meharwal has more than 38 years in cardiac surgery and more than 30,000 operations to his credit, and leads adult cardiac surgery, heart transplantation and the ventricular assist device programme at Fortis Escorts Heart Institute, New Delhi. He was part of the founding team of doctors at the institute. He is among the small number of surgeons in India performing heart transplantation and ventricular assist device implantation, and directs the hospital's DNB training programme in cardiothoracic surgery. He entered the Limca Book of Records in 2008 for a coronary bypass on a 94-year-old patient.",,false,2026-09-06 21:45:48.544128+00,"Executive Director & Head, Cardiac Surgery, Heart Transplantation & VAD Program",Cardiac Surgery,,false,"[""MBBS (King George's Medical College, Lucknow)"",""MS General Surgery (King George's Medical College, Lucknow)"",""MCh Cardiothoracic Surgery (King George's Medical College, Lucknow)"",""MNAMS"",""ECFMG Certificate (USA)""]","[""President's Award for contribution to cardiac surgery"",""Citation Award, International Society for Minimally Invasive Cardiac Surgery meeting — presented by President A.P.J. Abdul Kalam (2002)""]",,"[""Consultant Cardiac Surgeon, King's College Hospital, London (1993–1997)""]",
420ddfc4-9c9e-4891-9b0e-e91a3f2aa9f8,Dr. Subodh Chandra Pande,dr-subodh-chandra-pande,Oncology Care,68a3daff-b3cb-4f44-aa3b-f7509ec2c959,46,"Chief/HOD of Radiation Oncology and Co-Chief of the CyberKnife Centre (heading the department since 2009). A pioneer of CyberKnife technology in India, with clinical focus on head & neck cancers, CNS tumours, childhood cancers and prostate cancers, and on IGRT and PET-based techniques. Association of Radiation Oncologists of India (AROI; Secretary General 1997–2000), Indian Society of Oncology, Histiocyte Society (USA); postgraduate teacher/examiner for DNB Radiation Oncology.",/images/specialists/dr-subodh-chandra-pande.webp,true,2026-09-19 06:24:26.150142+00,"HOD, Radiation Oncology",,,false,"[""MBBS — Moti Lal Nehru Medical College, Allahabad"",""DMRE (Diploma in Medical Radiology & Electrology) — Moti Lal Nehru Medical College"",""MD (Radiotherapy) — AIIMS, New Delhi (1977–78)""]","[""Dr. R.K. Jalota Oration Award""]",,"[""Tata Memorial Hospital, Mumbai (helped establish neuro-oncology and paediatric oncology services)"",""Indraprastha Apollo Hospitals, New Delhi"",""Director Medical Services, Bhagwan Mahaveer Cancer Hospital & Research Centre, Jaipur (commissioned Rajasthan's first Linear Accelerator)""]","[""Approximately 33 publications""]"
42787afc-9b01-45c6-b49f-cb6de4490c2e,Dr. Pawan Rawal,dr-pawan-rawal,Gastroenterology,68a3daff-b3cb-4f44-aa3b-f7509ec2c959,12,"A gastroenterologist and hepatologist managing luminal, hepatic, pancreatic, biliary and systemic diseases, with extensive therapeutic-endoscopy expertise (ERCP, EUS, enteroscopy, capsule endoscopy, variceal banding, dilatation, PEG, and more). Continued at PGIMER after his DM before moving to Artemis. Member of the Indian Society of Gastroenterology (ISG) and the Society of Gastrointestinal Endoscopy of India (SGEI).",/images/specialists/dr-pawan-rawal.webp,true,2026-09-19 06:24:26.150142+00,"Senior Consultant, Medical Gastroenterology",,,false,"[""MBBS — Pt. B.D. Sharma PGIMS, Rohtak"",""MD (Paediatrics) — Chhatrapati Shahu Ji Maharaj University, Kanpur (2003)"",""DM (Gastroenterology & Hepatology) — PGIMER, Chandigarh (2007)""]","[""Young Investigator Award, APPSPGHAN 2009 (Seoul)"",""ISG fellowship to present at the World Congress of Gastroenterology (London, 2009)"",""Distinction in Medicine, MBBS""]",,,"[""Numerous publications (original articles, reviews, book chapters, case reports); active teaching of DM fellows""]"
43101121-d558-488a-be61-8a266eaf7f11,Dr. Nikhil Kumar,dr-nikhil-kumar,Cardiac Care,ee6f3f0c-ee78-4a8f-8d4b-01005b2e0567,41,"Dr. Nikhil Kumar is a cardiologist with over 41 years of experience across interventional, non-invasive, preventive and clinical cardiology, and practises at Fortis Memorial Research Institute, Gurgaon. He completed his MBBS at the University of Pune and his DM in Cardiology at PGIMER, Chandigarh. He previously served as Professor and Head of Cardiology at Army Hospital Research and Referral, New Delhi, and as Director of Cardiology for the Metro group of hospitals. His practice covers complex coronary angioplasty including rotational atherectomy, valvuloplasty, device closure of shunt lesions, pacemaker and AICD implantation, cardiac resynchronisation therapy, and renal, peripheral and carotid stenting.",,false,2026-09-06 21:45:48.544128+00,"Senior Director, Cardiology",Interventional Cardiology,,false,"[""MBBS (Armed Forces Medical College, Pune)"",""MD General Medicine (AFMC, Pune, 1990)"",""DM Cardiology (PGIMER, Chandigarh, 1999)""]","[""Chief of Army Staff's Commendation"",""General Officer Commanding-in-Chief's Commendation (for meritorious service)""]",,,
44171fbb-1604-450f-9ca8-f11bf8405e12,Dr. I P S Oberoi,dr-i-p-s-oberoi,Orthopaedic Care,68a3daff-b3cb-4f44-aa3b-f7509ec2c959,32,"Dr. I P S Oberoi chairs the orthopaedic surgery programme at Artemis Hospital, Gurgaon, and leads robotic joint replacement and arthroscopy, with 32 years of experience and more than 7,000 joint replacements performed. He operates on the knee, hip, shoulder, elbow and ankle, in both primary and revision replacement, and was among the first surgeons in India to use arthroscopic reconstruction in the elbow, shoulder, hip and ankle. He trained in joint replacement and adult reconstructive trauma surgery at a university hospital in Germany, and in shoulder surgery in Strasbourg, Rheims, Troyes and Cape Town. He is the only Indian to have served as secretary of the Asian Arthroscopy Congress and was twice elected secretary, and later the youngest president, of the Indian Arthroscopy Society.",,false,2026-09-06 21:45:48.544128+00,"Chairperson & Chief, Robotic Joint Replacement & Arthroscopy Surgery",Orthopaedics and Joint Replacement,,false,"[""MBBS (PGIMS, Rohtak, 1993)"",""MS Orthopaedics (PGIMS, Rohtak, 1997)"",""MCh Orthopaedics (University of Liverpool, UK)"",""Fellowship training in joint replacement, arthroscopy and reconstructive surgery — Germany, UK, France, South Africa""]","[""Inspiring Orthopaedic Surgeon Award, The Economic Times""]",,"[""Sports medicine specialist, Commonwealth Games and Olympic tournaments""]",
451a1c53-d8a4-4556-b86d-7cbbd84a8fca,Dr. Amit Srivastava,dr-amit-srivastava,Neurosurgery,fbd28ea2-0d7d-4532-8243-56a5ae2d16db,,"A neurosurgeon specialising in brain tumour surgery using Image-Guided Tumour Navigation Technology, complex spinal surgeries, and trauma/critical care. A pioneer in lower-limb spasticity surgery (SDR) for cerebral palsy patients, with expertise in vascular, skull base, posterior fossa, endoscopic, and epilepsy/movement-disorder (DBS) surgery. Has performed 7,000+ cases.",/images/specialists/dr-amit-srivastava.webp,true,2026-09-19 06:24:26.150142+00,"Director & Senior Consultant, Neurosurgery",,,false,"[""MBBS — Deen Dayal Upadhyaya Gorakhpur University (1998)"",""MS (General Surgery) — Chhatrapati Shahu Ji Maharaj University, Kanpur (2004)"",""MCh (Neurosurgery) — AIIMS, New Delhi (2009)""]",,,"[""Paras Hospitals""]",
45dcdcf0-e508-40b7-8ee0-b8c024f0beab,Dr. (Prof.) Anil Arora,dr-prof-anil-arora,Orthopaedic Care,,38,"Dr. (Prof.) Anil Arora heads orthopaedics and joint replacement at Max Super Speciality Hospital, Patparganj, New Delhi, with more than 38 years of experience and over 10,000 joint replacements performed. He operates on the knee, hip, shoulder and elbow, and performs robotic total knee and hip replacement. He introduced pinless computer-navigated total knee replacement to northern India, and holds entries in the Guinness Book of World Records and the Limca Book of Records. He has given around 240 lectures and published some 50 research papers and 20 chapters in national textbooks, and was recognised by the Chief Minister of Delhi in 2015 for medical services to senior citizens.",,false,2026-09-06 21:45:48.544128+00,"Chairman & Head, Orthopaedics & Joint Replacement",Orthopaedics and Joint Replacement,,false,"[""MBBS (Dr. SN Medical College, Jodhpur, 1987)"",""MS Orthopaedics (Dr. SN Medical College, Jodhpur, 1990)"",""DNB Orthopaedics (National Board, 1992)"",""Commonwealth Fellowship in Joint Replacement, Royal National Orthopaedic Hospital, Stanmore, London"",""Diploma SIROT (USA)"",""FAPOA (Korea)"",""FIGOF (Germany)"",""FJOA (Japan)""]","[""Guinness World Record holder"",""Limca Book of Records holder""]",,"[""Professor of Orthopaedics, UCMS & GTB Hospital""]","[""Editor, Delhi Journal of Orthopaedics""]"
46060632-18ec-47a2-9ee8-ed32612a4ee1,Dr. Deepak Kalra,dr-deepak-kalra,Nephrology,66e22246-b162-4de3-92b9-90cb755ce28f,,"Senior Director & HOD / Director of Nephrology, leading the medical side of the kidney transplant program. Clinical interests in kidney transplantation (transplant physician), clinical and critical-care nephrology, hemo/peritoneal dialysis, and diabetic hypertension.",/images/specialists/dr-deepak-kalra.webp,true,2026-09-19 06:24:26.150142+00,"Director, Nephrology (leads kidney transplant medical side)",,,false,"[""MBBS — Chhatrapati Shahu Ji Maharaj University, Kanpur (1999)"",""MD (Medicine) — King George's Medical University, Lucknow (2002)"",""DM (Nephrology) — Sanjay Gandhi Postgraduate Institute of Medical Sciences (SGPGI), Lucknow (2008)""]",,,"[""Government and private hospitals in Delhi"",""Golden Hospital, Jaipur"",""Bhagwati Hospital, New Delhi""]",
47f6c9e1-fc53-44cf-9078-8a956929280f,Dr. Rohit Lamba,dr-rohit-lamba,Orthopaedic Care,,22,"Dr. Rohit Lamba directs orthopaedics and joint replacement at Fortis Hospital, Manesar, with 22 years in the field. He completed his MBBS at Government Medical College, Amritsar, and his MS in Orthopaedics at Christian Medical College, Ludhiana, followed by a fellowship in hip and knee replacement at the Helios ENDO-Klinik in Hamburg, where he trained in single-stage revision for infected replacements, and hip arthroscopy observerships in the United Kingdom and Spain. His practice centres on joint preservation, complex hip and knee replacement, salvage of failed and infected replacements, and knee and shoulder arthroscopy for sports injuries, using robotic and computer-navigated techniques.",,false,2026-09-06 21:45:48.544128+00,"Director/Head, Orthopaedics & Joint Replacement",Orthopaedics and Joint Replacement,,false,"[""MBBS (Government Medical College, Amritsar, 2003)"",""MS Orthopaedics (Christian Medical College, Ludhiana, 2009)"",""Fellowship in Revision/Hip & Knee Replacement, Helios Endoklinik, Hamburg, Germany"",""Fellowship in Hip Preservation, Madrid, Spain"",""Observership in Hip Arthroscopy, UK"",""IAA and KT Dholakia Arthroplasty Fellowships (India)""]",,,,
4b76af23-14f9-4c8d-b69b-5651f1fa9594,Dr. Vinit Banga,dr-vinit-banga,Neurosurgery,2fa916fb-2d90-4f8c-b2bc-b5b22e84b1cb,16,"Director & HOD of Neurology (and Head of Neurovascular Intervention) — described as the region's first and only interventional neurologist with dual fellowships in neuro-intervention and stroke. Expertise in stroke/paralysis, mechanical thrombectomy, aneurysm coiling, AVM embolization, carotid stenting, plus general neurology (epilepsy, headache, movement disorders, neuromuscular disease). Member of the American Academy of Neurology, the World Stroke Organisation, the European Stroke Organisation, WFITN, the Indian Academy of Neurology, and the Indian Stroke Association.",/images/specialists/dr-vinit-banga.webp,true,2026-09-19 06:24:26.150142+00,"Director & HOD, Neurology",,,false,"[""MBBS — Ch. Charan Singh University, Meerut"",""MD (Medicine, Gold Medallist) — Bundelkhand University, Jhansi (2012)"",""DM (Neurology) — Delhi University / IHBAS, Delhi (2016)"",""Stroke Fellowship — Royal Melbourne Hospital, Australia; MSc (Stroke Medicine) — Donau University, Austria; FINS (Neuro-intervention & Stroke); FINR (Interventional Neuroradiology)""]","[""Spoke on the TEDx stage about neurological care""]",,,
4ce56fa9-5a72-4e28-9cae-006c81a6e3cb,Dr. Parveen Jain,dr-parveen-jain,Oncology Care,fbd28ea2-0d7d-4532-8243-56a5ae2d16db,10,"A medical oncologist with expertise in both haematological malignancies (lymphomas, plasma cell disorders, chronic leukemias) and solid tumours (breast, lung, gastrointestinal, gynaecological, sarcomas). Active in clinical research as a co-investigator in multiple phase II–IV trials. Member of the European Society for Medical Oncology (ESMO), the Indian Society of Oncology (ISO), the Delhi Medical Council, and the IMA.",/images/specialists/dr-parveen-jain.webp,true,2026-09-19 06:24:26.150142+00,"Senior Consultant & HOD, Medical Oncology",,,false,"[""MBBS — Kasturba Medical College (KMC), Mangalore / Manipal Academy of Higher Education (2003)"",""DNB (General / Internal Medicine) — Jaipur Golden Hospital, New Delhi (2013)"",""DNB (Medical Oncology) — Rajiv Gandhi Cancer Institute & Research Centre, New Delhi (2017)"",""ESMO Certified Medical Oncologist examination (2016)"",""Preceptorships in lung and prostate cancer, ESMO, Singapore""]","[""2nd Prize, oral paper — RGCON 2017 (role of Ki-67 index in breast cancer chemotherapy response)"",""Poster award — ISMPO/ISOCON 2015 (metastatic lung adenocarcinoma epidemiology)"",""2nd Prize — SPEAK program, Mumbai (ovarian cancer management)"",""1st Prize — Soft Tissue Sarcoma Quiz, Action Cancer Institute, Delhi"",""Runner-up — ICON Oncology Quiz, Lucknow (2017)""]",,,"[""Multiple publications in national and international journals""]"
5152bcde-d486-4e48-a044-4a880d79393e,Dr. Durgatosh Pandey,dr-durgatosh-pandey,Oncology Care,55fba62f-7bd1-4396-94ff-57a1d09f07e3,18,"A senior surgical oncologist specialising in gastrointestinal, hepato-pancreato-biliary (HPB) and thoracic cancer surgery, with a strong academic background. Founder Member of the Lung Cancer Consortium Asia and the Esophageal Cancer Consortium; Trustee, ICON (Indian Co-operative Oncology Network); external examiner for MCh (Surgical Oncology) at Tata Memorial Hospital; member of the ICMR Task Force on lung cancer guidelines; Lifetime Member, Association of Surgeons of India.",/images/specialists/dr-durgatosh-pandey.webp,true,2026-09-19 06:24:26.150142+00,"Chairman, Oncology Sciences",,,false,"[""MBBS — Maulana Azad Medical College, University of Delhi (1995)"",""MS (General Surgery) — Maulana Azad Medical College, University of Delhi (1999)"",""DNB (General Surgery) — National Board of Examinations"",""MCh (Surgical Oncology) — Cancer Institute (WIA), Chennai / Dr. MGR Medical University, Tamil Nadu (2004)"",""Fellowship, Hepatobiliary Surgery & Liver Transplantation — Asian Centre for Liver Disease & Transplantation, Singapore (2006–07)"",""Visiting Fellow, VATS & Robotic Thoracic Surgery — USA (2015)"",""Executive Program in Healthcare Management — IIM Calcutta""]",,,"[""Professor of Surgical Oncology & Deputy Director, Tata Memorial Centre, Varanasi (MPMMCC)"",""Director/Head (Thoracic & GI/HPB), Artemis Hospital, Gurgaon"",""Senior Consultant/Head (GI, HPB, Thoracic), Max Super Speciality Hospital, Saket"",""Assistant Professor, AIIMS (IRCH), New Delhi and IMS-BHU"",""Lecturer, Tata Memorial Hospital, Mumbai"",""Assistant Professor, Cancer Institute (WIA), Chennai""]",
52b076cf-4783-4320-badb-712d8a252123,Dr. Biswajyoti Hazarika,dr-biswajyoti-hazarika,Oncology Care,ee6f3f0c-ee78-4a8f-8d4b-01005b2e0567,31,"Dr. Biswajyoti Hazarika is a head and neck surgical oncologist with 31 years of experience and leads surgical oncology at Fortis Memorial Research Institute, Gurgaon. His practice covers cancers of the oral cavity, throat, larynx, thyroid and salivary glands, and he combines conventional open resection with endoscopic and robotic techniques. He is known for complex resection and reconstruction, and for a strong emphasis on functional rehabilitation so that recovery preserves speech, swallowing and quality of life alongside cure.",,false,2026-09-06 21:45:48.544128+00,"Chief/Director, Head & Neck Surgery, Surgical Oncology",ENT Oncology Surgery,,false,"[""MBBS (Guwahati Medical College & Hospital, 1995)"",""MS ENT (Assam Medical College & Hospital, Dibrugarh, 2001)"",""Fellowship in Head & Neck Surgery, Kidwai Memorial Institute of Oncology, Bangalore""]","[""Blue Star Best Post-Graduate Award""]",,"[""Head & Neck Surgery, Prince Aly Khan Hospital, Mumbai"",""HOD, Head & Neck Surgery, Max Super Speciality Hospital, Saket (2013–2016)""]",
52c601ac-1a09-4bf7-bac6-5e212f621baf,Dr. Vipin Chand Tyagi,dr-vipin-chand-tyagi,Orthopaedic Care,8f90193f-a179-462f-9f6f-82e792b10848,,"Dr. Vipin Chand Tyagi is a Senior Director at the Medanta Institute of Musculoskeletal Disorders and Orthopaedics, Gurugram, specialising in hip and knee replacement. He completed his MBBS at S.N. Medical College, Agra, a diploma in orthopaedics at J.N. Medical College, Aligarh Muslim University, and a fellowship in arthroplasty at the ENDO-Klinik in Germany. His practice covers primary, complex primary and revision knee and hip arthroplasty, including the management of infected joint replacements. He has treated patients referred from more than 25 countries.",,false,2026-09-06 21:45:48.544128+00,"Senior Director, Institute of Musculoskeletal Disorders & Orthopaedics",Orthopaedics and Joint Replacement,,false,"[""MBBS (S.N. Medical College, Dr. B.R. Ambedkar University, Agra, 1999)"",""Diploma in Orthopaedics (J.N. Medical College, AMU, Aligarh, 2003)"",""Fellowship in Arthroplasty, ENDO-Klinik, Germany (2007)""]",,,"[""Orthopaedics, Fortis Memorial Research Institute & Fortis Escorts (2016–2019)""]",
5526cfbc-aab0-44e3-9c29-b0682ab1943c,Dr. Ashutosh Shrivastav,dr-ashutosh-shrivastav,Orthopaedic Care,2fa916fb-2d90-4f8c-b2bc-b5b22e84b1cb,23,"Internationally trained in arthroplasty; expertise in complex/revision joint reconstruction, minimally invasive and robotic/navigated knee and hip replacement, partial knee/hip replacement, shoulder/elbow replacement, advanced arthroscopy and joint-preservation (cartilage transplantation). Reported very high volumes — 15,000+ joint replacements, 10,000+ arthroscopies, 800+ navigation/robotic-assisted procedures, and 20,000+ complex trauma cases, per the hospital profile. Member of the Medical Council of India and the Delhi Medical Council; has organised 200+ camps and community activities.",/images/specialists/dr-ashutosh-shrivastav.webp,true,2026-09-19 06:24:26.150142+00,"Director, Orthopaedics & Joint Replacement",,,false,"[""MBBS — MGM Medical College, Indore"",""MS (Orthopaedics) — SS Medical College & SGM Hospital, Rewa (MP)"",""MCh (Ortho, 2017); Fellowships in Arthroplasty (Singapore) and Arthroscopy (Germany)""]",,,"[""HOD, Sarvodaya Hospital & Research Centre, Faridabad"",""Senior Consultant & Head Unit-III, Asian Institute of Medical Sciences, Faridabad"",""Metro Heart Institute"",""SSB Heart & Multispeciality Hospital"",""D.D.U. Hospital, Delhi"",""Max Super Speciality Hospital, Saket""]",
55336aec-9152-4c7f-819e-7400c98a0c78,Dr. Rana Patir,dr-rana-patir,Neurosurgery,ee6f3f0c-ee78-4a8f-8d4b-01005b2e0567,32,"Dr. Rana Patir chairs neurosurgery at Fortis Memorial Research Institute, Gurgaon, with more than 32 years in the field and over 10,000 neurosurgical procedures performed. He holds an MS in General Surgery, an MCh in Neurosurgery and a neurosurgical fellowship from the United Kingdom. He has been teaching faculty at AIIMS and Sir Ganga Ram Hospital, New Delhi, and was a professor at Guwahati Medical College. His practice covers minimally invasive brain and spine surgery, skull base surgery, neurovascular surgery including extracranial-to-intracranial bypass, paediatric neurosurgery and epilepsy surgery.",,false,2026-09-06 21:45:48.544128+00,"Chairman & Director, Neurosurgery / Brain & Spine Surgery",Neuro and Spine Surgery,,false,"[""MBBS (AIIMS, New Delhi)"",""MS General Surgery (AIIMS, New Delhi)"",""MCh Neurosurgery (AIIMS, New Delhi)"",""Fellowship/Registrar training, Regional Neurosciences Centre, Newcastle upon Tyne, UK""]",,,,
55509bc3-ba17-438c-9ecf-58e697218eb6,Dr. Rahul Gupta,dr-rahul-gupta-neuro,Neurosurgery,c61c7a6e-26e0-4c06-9f70-3cec469540e4,20,"Senior Director & HOD of Neurosurgery. Has performed 11,000+ neurosurgical procedures. Special interests: minimally invasive brain and spine surgery, endoscopic (endonasal) skull-base surgery, endovascular neurosurgery, complex brain-tumour and neurovascular surgery, and paediatric neurosurgery.",/images/specialists/dr-rahul-gupta-neuro.webp,true,2026-09-19 06:24:26.150142+00,"Senior Director & HOD, Neuro & Spine Surgery",,,false,"[""MBBS — Government Medical College, Rohtak (1995)"",""MS (General Surgery) — PGIMS, Rohtak (2000)"",""MCh (Neurosurgery) — PGIMER, Chandigarh (2005)"",""Sugita Scholarship / Endovascular Neurosurgery fellowship — Nagoya University of Medical Science, Japan (2011); 5-ALA fluorescence glioma training (Graz, Austria); functional neurosurgery training (Amsterdam); complex spine courses (Kuala Lumpur, AIIMS New Delhi)""]","[""Sugita Scholarship, Nagoya University of Medical Science, Japan (2011)""]",,"[""Faculty, PGIMER Chandigarh"",""Faculty, G.B. Pant Hospital, New Delhi (approximately 8 years, before joining Fortis in July 2012)""]","[""Approximately 55 publications in national and international journals""]"
58e833c4-514b-4a11-bdb1-dcd6ca0e10fb,Dr. Sandeep Guleria,dr-sandeep-guleria,Nephrology,8e7ced60-3dc8-4b24-9859-aad5732874fd,33,"A leading transplant surgeon specialising in kidney and pancreas transplantation, vascular-access surgery, dialysis/peritoneal-dialysis surgery and renal biopsies. Led the team that performed India's first two kidney-pancreas transplants; pioneered cadaveric renal transplantation in New Delhi; established the paediatric transplant unit and laparoscopic donor nephrectomy program at AIIMS. Vice President, Indian Society of Organ Transplantation; member, Ethics Committee of The Transplantation Society.",/images/specialists/dr-sandeep-guleria.webp,true,2026-09-19 06:24:26.150142+00,"Senior Consultant, Nephrology & Renal Transplant",,,false,"[""MBBS (1984) — University College of Medical Sciences, Delhi University"",""MS (General Surgery) (1988) — AIIMS, New Delhi; DNB"",""FRCS (England, Edinburgh, Glasgow); FRCP (Edinburgh); MNAMS"",""Transplant fellowships in the UK — Royal Free Hospital (London) and St. James's University Hospital (Leeds)""]","[""Padma Shri (reported as 2015 in some sources and 2019 in others)"",""Smt. Rukmani Gopalkrishnan Award (First in Surgery)"",""Distinguished Alumni Award, UCMS (1996)"",""Luminary Award, IMA South Delhi (2007)"",""Exemplary Contribution Award, IMA""]",,"[""Academic posts (up to Professor), AIIMS""]",
59f28a4a-34c7-45aa-80cc-e156e4000d25,Dr. Raman Kant Aggarwal,dr-raman-kant-aggarwal,Orthopaedic Care,8f90193f-a179-462f-9f6f-82e792b10848,37,"Dr. Raman Kant Aggarwal is a shoulder and elbow specialist at Medanta – The Medicity, Gurugram, with over 37 years of experience in joint problems and sports injuries. He completed his MBBS at PGIMS, Rohtak, and his MS in Orthopaedics at Government Medical College, Patiala, followed by a shoulder and elbow fellowship at the Robert Jones and Agnes Hunt Orthopaedic Hospital in the United Kingdom and certification in orthopaedic reconstruction for complex trauma in Germany. He is among northern India's leading surgeons for reverse and anatomical shoulder replacement, including revision procedures, and also performs total elbow replacement and arthroscopic shoulder and elbow surgery.",,false,2026-09-06 21:45:48.544128+00,"Director, Shoulder, Sports Injuries & Upper Limb Surgery",Orthopaedics and Joint Replacement,,false,"[""MBBS (PGIMS, Rohtak, 1987)"",""MS Orthopaedics (Government Medical College, Patiala, 1993)"",""MSc Trauma & Orthopaedics and Health Services (University of Central Lancashire, UK, 2007)"",""Fellowship in Shoulder & Elbow Surgery, Robert Jones & Agnes Hunt Hospital, UK (2009)"",""Fellowship in Hip & Knee Replacement, Wrightington Hospital, UK"",""Fellowship in Advanced Orthopaedic Reconstruction for Complex Trauma, Katharinen Hospital, Germany (2003)""]",,,"[""Director, Upper Extremities, Medanta Bone & Joint Institute"",""Founder, Shoulder Clinic"",""National Faculty, Indian Orthopaedic Association (IOA), Indian Arthroscopy Society (IAS), Shoulder and Elbow Society of India (SESI)""]",
5a18a4af-b5ad-4a92-a256-bd7e77a7229e,Dr. Harit Kumar Chaturvedi,dr-harit-kumar-chaturvedi,Oncology Care,8e7ced60-3dc8-4b24-9859-aad5732874fd,35,"Dr. Harit Kumar Chaturvedi is a surgical oncologist with more than 35 years in cancer care and chairs the Max Institute of Cancer Care, which he built from the ground up after joining Max Healthcare in 2009. His surgical practice covers breast, thoracic and head and neck cancer, including robotic surgery. He has operated at live surgical workshops, presented widely at national and international conferences, and published extensively in peer-reviewed journals. He is a past president of the Indian Society of Oncology and president-elect of the Indian Association of Surgical Oncologists.",,false,2026-09-06 21:45:48.544128+00,"Chairman, Max Institute of Cancer Care",Oncology Surgery,,false,"[""MBBS (GSVM Medical College, Kanpur)"",""MS General Surgery (GSVM Medical College, Kanpur)"",""MCh Surgical Oncology (Dr. M.G.R. Medical University, Chennai, 1992/93)""]","[""Young Scientist Award (1993)""]",,,"[""50+ national and international presentations""]"
5cef11d2-0fc3-4c4d-8c87-84bea78d9511,Dr. (Col) Manjinder Sandhu,dr-col-manjinder-sandhu,Cardiac Care,ee6f3f0c-ee78-4a8f-8d4b-01005b2e0567,35,"Dr. (Col) Manjinder Sandhu is a renowned interventional cardiologist with more than 35 years' experience. He had an illustrious career in the Indian Army Medical Corps, before joining civil practise. He specializes in complex angioplasty (IVUS, OCT, Rotablation, Laser) and structural heart (TAVR, MitraClip) procedures. He is a fellow of many international societies and has over two decades of experience in teaching young cardiologists. He has authored many academic papers and presented at several national and international conferences. He is a recipient of many national awards.",,false,2026-09-06 21:45:48.544128+00,Principal Director Cardiology,Interventional Cardiology,,false,"[""MBBS"",""MD (Medicine)"",""DNB"",""DM (Cardiology)""]","[""Lt. Gen. Inder Singh Gold Medal (Top Student in the MD examination at Pune University)"",""Natu Foundation Public Charitable Trust Award (Top Student in the MD examination at Pune University)"",""Certificate of Appreciation from the Ministry of Defence, and a Commendation by the Ministry of Social Welfare, both from the Democratic Socialist Republic of Sri Lanka, for dedicated and committed service to flood victims, 2003"",""Healthcare Transformation Award for Artemis PHR App, 2017"",""FICCI Healthcare Excellence Award for Artemis ConnectMD App, 2018"",""Times Healthcare Achievers Award for Legend in Cardiology, 2018"",""DL SHAH Quality Award for Excellence in Service Quality, 2019"",""Best CIO of 2020 at the 5th Healthcare Innovation and Summit Awards""]",,,
5df6d17d-c117-4f9e-9161-081f69dcf23d,Dr. Subhash Chandra,dr-subhash-chandra,Cardiac Care,3347adc9-d8bc-4aa8-8233-20d8c99c901b,25,"Chairman & HOD of Cardiology (Interventional Cardiology & Structural Heart Disease). Has performed 25,000+ complex cardiology procedures and 4,000+ mitral interventions; expertise in structural heart disease (TAVI, TMVR, MitraClip, device closures, balloon valvuloplasty), endovascular interventions (renal, carotid, EVAR/TEVAR) and device implantation (pacemakers, AICD, CRT-D). Faculty at TCT and Euro-PCR; serves on global advisory panels.",/images/specialists/dr-subhash-chandra.webp,true,2026-09-19 06:24:26.150142+00,"Chairman & HOD, Cardiology",,,false,"[""MBBS"",""MD (Medicine)"",""DM (Cardiology); DNB (Cardiology)"",""Fellowship in carotid interventions (Brussels); trained in France and Belgium""]","[""Sujoy B. Roy Young Investigator Award, Cardiological Society of India (1997)""]",,"[""Director & Senior Consultant, Fortis Escorts Heart Institute, New Delhi"",""JN Medical College""]","[""Multiple peer-reviewed publications on coronary and valvular interventions""]"
5ed123a7-aef3-46cb-a79f-54a9d90e823f,Dr. Manoj Kumar Goel,dr-manoj-kumar-goel,Lung Care,ee6f3f0c-ee78-4a8f-8d4b-01005b2e0567,32,"Dr. Manoj Kumar Goel leads pulmonology, critical care and sleep medicine at Fortis Memorial Research Institute, Gurugram, with more than 32 years of experience. He completed his MBBS and MD at King George's Medical College, Lucknow, and trained further in interventional pulmonology at the University of Lille, France, in critical care at Erasme University Hospital, Brussels, in sleep medicine at Royal Prince Alfred Hospital, Sydney, and in EBUS bronchoscopy at Royal Brisbane and Women's Hospital. He is a pioneer in India of pulmonary intervention, video bronchoscopy, sleep medicine, non-invasive ventilation and medical thoracoscopy, and has received a national research award from the National College of Chest Physicians.",,false,2026-09-06 21:45:48.544128+00,"Principal Director & Head, Pulmonology, Critical Care & Sleep Medicine",Pulmonology & Sleep Medicine,,false,"[""MBBS (1988), King George's Medical College (now KGMU), Lucknow"",""MD (1992), King George's Medical College (now KGMU), Lucknow"",""Diploma in Interventional Pulmonology, University of Lille, France"",""Fellow in Intensive Care Medicine, Erasme University Hospital, Brussels, Belgium"",""Fellow in Sleep Medicine, Prince/Royal Prince Alfred Hospital, Sydney, Australia"",""FCCP"",""FIAB"",""FISDA""]","[""Lifetime Achievement Award (2022), Indian Chest Society & National College of Chest Physicians"",""Times Healthcare Achievers Legend Award (2017)"",""ISCCM Chairman Award (2017)"",""NCCP Young Scientist Award (2005)"",""National Award (NCCP) for research in pulmonary interventions""]",,"[""Head, Pulmonology, Delhi Heart & Lung Institute"",""Pulmonology, Batra Hospital""]","[""25 publications""]"
5fedf639-66c2-4c41-8398-763e02d219ac,Dr. Sudhir Dubey,dr-sudhir-dubey,Neurosurgery,8f90193f-a179-462f-9f6f-82e792b10848,30,"Dr. Sudhir Dubey chairs neurosurgery and neurosciences at Medanta – The Medicity, Gurugram, with over 30 years of experience and more than 10,000 neurosurgical operations to his credit. He completed his MCh in Neurosurgery at NIMHANS, Bengaluru, followed by a fellowship in endoscopic skull base surgery at the University of Pittsburgh Medical Center. He is among the small number of surgeons in India to have mastered endoscopic neurosurgery, and is recognised for his work in endoportal brain surgery, endoscopic endonasal skull base surgery and minimally invasive spine procedures.",,false,2026-09-06 21:45:48.544128+00,"Chairman/Director, Neurosurgery & Institute of Neurosciences",Neuro and Spine Surgery,,false,"[""MBBS (King George's Medical College, Lucknow, 1995)"",""MCh Neurosurgery (NIMHANS, Bangalore, 2001)"",""Fellowship in Endoscopic Skull Base Surgery, UPMC, Pittsburgh, USA"",""Further minimally invasive spine training — New York, Memphis, Denver, Chicago, Boston""]","[""Young Neurosurgeon's Award, World Federation of Neurosurgical Societies (first and only recipient from India)"",""Silver Jubilee Award (Best Outgoing Student in Neurosurgery), NIMHANS"",""Sir Rupkishan Das Gold Medal (final-year MBBS), KGMC""]",,"[""Head, Neurosurgery, Bhopal Hospital & Research Centre"",""Head, Neurosurgery, Max Balaji Hospital""]",
6333c5d2-d44f-4afb-b26d-6e92d6153051,Dr. Vijay Kumar Chopra,dr-vijay-kumar-chopra,Cardiac Care,997ca37d-da74-465c-b6cf-b5645905dc73,44,"Dr. Vijay Kumar Chopra is Senior Director of Cardiac Sciences at Max Super Speciality Hospital, Saket, and has practised cardiology since 1979. He holds an MBBS from Maulana Azad Medical College, New Delhi, and a DM in Cardiology from PGIMER, Chandigarh. He directed the heart failure programme at Medanta – The Medicity from 2009 to 2019, was Principal Consultant in cardiology at Escorts Heart Institute and Research Centre, and spent more than two decades as a senior consultant at Sir Ganga Ram Hospital, New Delhi. His practice covers heart failure, complex coronary artery disease, valvular intervention and preventive cardiology.",,false,2026-09-06 21:45:48.544128+00,"Senior Director, Heart Failure & Clinical Research",Interventional Cardiology,,false,"[""MBBS (Christian Medical College, Vellore, 1972)"",""DNB/MD General Medicine (PGIMER, Chandigarh, 1976)"",""DM Cardiology (PGIMER, Chandigarh, 1979)"",""FACC"",""FESC"",""Fellow, Heart Failure Association of the ESC""]","[""International Scholar Award, Cleveland Clinic (1984)"",""Kutumbiah Prize in Clinical Medicine"",""Certificate of Honor in Medicine, Surgery & Pathology, CMC Vellore (1972)""]",,"[""Founder President, Heart Failure Association of India""]",
63b57d98-be9e-48f5-99f9-a6bbcd3bec5a,Dr. Shikha Halder,dr-shikha-halder,Oncology Care,3347adc9-d8bc-4aa8-8233-20d8c99c901b,28,"A radiation oncologist with special interest in head & neck cancer, cervical cancer, brain tumours, breast cancer and total body irradiation for bone marrow transplant. Experienced across modern radiation techniques (IGRT, IMRT, 3DCRT, SBRT, SRS, brachytherapy, Tomotherapy, CyberKnife). Started Total Body Radiation as part of the BMT protocol at BLK in 2012, and started the DNB program at BLK-Max in 2022. Member of the Association of Radiation Oncologists of India (AROI).",/images/specialists/dr-shikha-halder.webp,true,2026-09-19 06:24:26.150142+00,"Director, Radiation Oncology",,,false,"[""MBBS — Osmania University, Hyderabad (1987)"",""MD (Radiotherapy) — SGPGI, Lucknow (1994)"",""Clinical Observer — Middlesex Hospital, London (1995–96)""]","[""S. Takahashi Memorial International Fellowship (twice, for work on cervical cancer, Nagoya, Japan — 2001 & 2004)"",""Takahashi Memorial best-poster award, Nagoya""]",,"[""Rajiv Gandhi Cancer Institute, New Delhi"",""Apollo Hospital, Delhi"",""SGPGI, Lucknow"",""Established cancer centres at BLK (New Delhi), SAIMS (Indore) and RJSP (Ranchi)""]","[""Approximately 20 research papers in indexed journals; 5 book chapters""]"
63c78f1a-6015-4470-8bc3-ff39db495abd,Dr. Rohit Bansil,dr-rohit-bansil,Neurosurgery,3347adc9-d8bc-4aa8-8233-20d8c99c901b,14,"Dr. Rohit Bansil is Senior Director of Neurosurgery at BLK-Max Super Speciality Hospital, New Delhi, with over 14 years of experience in neurosurgery and spine surgery. He completed his MBBS and DNB in Neurosurgery through the National Board of Examinations, New Delhi, followed by a fellowship in advanced spine surgery in Japan and a fellowship in brachial plexus and peripheral nerve surgery at AIIMS, New Delhi. His practice covers advanced spine surgery, neuro-endoscopy, brain and spine tumours, paediatric neurosurgery, neurotrauma and functional neurosurgery.",,false,2026-09-06 21:45:48.544128+00,"Senior Director/Associate Director, Neurosurgery",Neuro and Spine Surgery,,false,"[""MBBS (Manipal Academy of Higher Education)"",""DNB Neurosurgery (National Board of Examinations)"",""Fellowship in Minimally Invasive Spine Surgery, Southern Tohoku Research Institute for Neurosciences, Japan"",""Fellowship in Brachial Plexus & Peripheral Nerve Surgery, AIIMS, New Delhi""]",,,"[""Neurosurgery, Max Super Speciality Hospital, Saket"",""Resident, PGIMER & RML Hospital, New Delhi""]",
644fa2d2-0e99-44b1-a603-349993f264ab,Dr. Rohan Khandelwal,dr-rohan-khandelwal,Oncology Care,3a727ef0-99d0-431a-a3d7-404996e0938d,9,"A surgical oncologist specialising exclusively in breast diseases and breast cancer, leading The Breast Centre — a dedicated breast-health unit. Expertise in breast-conservation surgery, mastectomy, oncoplastic and reconstructive techniques, vacuum-assisted breast biopsy/excision, and management of benign and malignant breast conditions. Member of the Association of Surgeons of India, the Association of Breast Surgeons of India, and the Breastfeeding Promotion Network of India (BPNI). Reported to serve as editor-in-chief for the New Indian Journal of Surgery and the Journal of Young Medical Researcher, and has held a medical-affairs role at a doctor-networking platform.",/images/specialists/dr-rohan-khandelwal.webp,true,2026-09-19 06:24:26.150142+00,"Principal Consultant & Head, The Breast Centre / Surgical Oncology",,,false,"[""MBBS — Vardhman Mahavir Medical College & Safdarjung Hospital, Delhi"",""MS (General Surgery) — Vardhman Mahavir Medical College & Safdarjung Hospital, Delhi"",""MRCS (Edinburgh)"",""FIBD / hands-on clinical fellowship in advanced breast surgery — Aiello Breast Center, University of Maryland Baltimore Washington Medical Center, USA""]",,,"[""Attending Consultant, Surgical Oncology & Breast Services, Max Cancer Centre, Max Hospital, Saket (2014–2015)"",""Consultant, Breast Cancer Surgery, W Pratiksha Hospital, Gurgaon"",""Earlier experience linked to Safdarjung Hospital and Mazumdar Shaw Cancer Center / Narayana Hrudayalaya""]","[""Approximately 33 publications listed on ResearchGate; has authored articles, a book, and co-authored book chapters""]"
66aff7da-d355-452a-85b3-e35ad6443da9,Dr. Dharma Choudhary,dr-dharma-choudhary,Oncology Care,3347adc9-d8bc-4aa8-8233-20d8c99c901b,23,"Dr. Dharma Choudhary chairs the Centre for Bone Marrow Transplant at BLK-Max Super Speciality Hospital, New Delhi, with 23 years of experience and more than 2,000 transplants performed. He trained in haematology at AIIMS, New Delhi. He was instrumental in setting up the bone marrow transplant centre at BLK-Max and the transplant unit at Sanar International Hospital, Gurgaon. His practice covers leukaemia, lymphoma, aplastic anaemia and thalassaemia, and he is recognised for his work in establishing haploidentical transplantation in India.",,false,2026-09-06 21:45:48.544128+00,"Senior Director & Head, Hematology & BMT",Haematology,,false,"[""MBBS"",""MD Internal Medicine"",""DM Clinical Hematology (AIIMS, New Delhi)"",""Fellowship in BMT, British Columbia Cancer Agency / Vancouver General Hospital, Canada"",""Fellowship in BMT, University of Minnesota / Fred Hutchinson, USA""]",,,,
66be2f90-3d9f-41a5-b025-77f606657b21,Dr. Balbir Singh,dr-balbir-singh,Cardiac Care,997ca37d-da74-465c-b6cf-b5645905dc73,35,"Dr. Balbir Singh has 35 years in cardiac sciences and is Group Chairman of Cardiac Sciences at Max Healthcare and Chief of Interventional Cardiology and Electrophysiology at Max Super Speciality Hospital, Saket. He was awarded the Padma Shri in 2007. He joined Max in 2019 after a long tenure as Chairman of Interventional Cardiology and Electrophysiology at Medanta. He is among the pioneers of pacemaker implantation and electrophysiology studies in India, and his practice covers complex coronary intervention and catheter-based treatment of heart rhythm disorders.",,false,2026-09-06 21:45:48.544128+00,"Group Chairman, Cardiac Sciences",Interventional Cardiology & Electrophysiology,,false,"[""MBBS (Maulana Azad Medical College, Delhi, 1983)"",""MD Internal Medicine (Maulana Azad Medical College, 1987)"",""DM Cardiology (Govind Ballabh Pant Hospital, New Delhi)"",""Fellowship, American College of Cardiology (USA)""]","[""Padma Shri (2007)"",""Golden Hand Award, AICT Singapore (2012)"",""Best Operator Award, India Live"",""Sujoy B. Roy Best Young Investigator Award, Cardiological Society of India (1995)""]",,"[""Senior Professor, AIIMS, New Delhi"",""Chairman, Cardiology & Electrophysiology, Medanta – The Medicity (2009–2019)""]",
6739c677-7c20-4ffa-9ed2-38501bdf7d66,Dr. Tejendra Singh Chauhan,dr-tejendra-singh-chauhan,Nephrology,2fa916fb-2d90-4f8c-b2bc-b5b22e84b1cb,,"A nephrologist with expertise across hemodialysis, peritoneal dialysis, CAPD and automated PD, and kidney transplantation — including ABO-incompatible transplants and transplants in highly sensitized and HIV/HCV-infected patients. Member of the Peritoneal Dialysis Society of India, the Indian Society of Organ Transplantation (ISOT), and the Indian Society of Nephrology (ISN).",/images/specialists/dr-tejendra-singh-chauhan.webp,true,2026-09-19 06:24:26.150142+00,Senior Nephrology Consultant,,,false,"[""MBBS — University of Allahabad / MLN Medical College (2004)"",""MD (Medicine) — University of Allahabad / MLN Medical College (2008)"",""DM (Nephrology) — Sanjay Gandhi Postgraduate Institute of Medical Sciences (SGPGI), Lucknow (2014)""]",,,"[""Metro Heart Institute, Faridabad"",""Jaypee Super Specialty Hospital, Noida"",""Fortis Escorts Heart Institute"",""PGIMER / Dr. RML Hospital, Delhi""]",
67a144f7-f57e-4f09-b095-a376e99d0a38,Dr. Hemant Sharma,dr-hemant-sharma,Orthopaedic Care,,26,"Dr. Hemant Sharma chairs orthopaedics, joint replacement and spine surgery at Marengo Asia Hospitals, Gurugram, with more than 26 years of experience split between India and England. He holds an MBBS and a DNB in Orthopaedics and is a fellow of the Royal College of Surgeons of England. His practice covers robotic hip and knee surgery, revision trauma and revision arthroplasty, and he has particular interests in the young adult hip, developmental dysplasia of the hip, orthopaedic complications of sickle cell disease, joint preservation surgery of the knee, and sports injuries of the hip and knee.",,false,2026-09-06 21:45:48.544128+00,"Chairman, Orthopaedics, Joint Replacement & Spine Surgery / Director, Marengo Asia Robotic Centre for Orthopaedics",Orthopaedics and Joint Replacement,,false,"[""MBBS (MD University, Rohtak, 1995)"",""Diploma in Orthopaedics (Pt. B.D. Sharma PGIMS, Rohtak, 1997)"",""DNB Orthopaedics (St. Stephen's Hospital, Delhi / National Board, 2000)"",""FRCS Trauma & Orthopaedic Surgery (Royal College of Surgeons, England, 2010)"",""MRCS""]",,,"[""Head, Orthopaedic Unit, Fortis Memorial Research Institute, Gurgaon"",""Orthopaedic Surgeon, UK NHS, including Prince Charles Hospital, Merthyr Tydfil""]",
67e7744f-96bc-4b04-a4bd-035ee868bc1c,Dr. Rajiv Yadav,dr-rajiv-yadav,Urology Care,68a3daff-b3cb-4f44-aa3b-f7509ec2c959,,"Chairperson of Urology and Head of Urologic Oncology & Robotic Surgery. Clinical focus on robot-assisted laparoscopic surgery for prostate, kidney and bladder cancers.",/images/specialists/dr-rajiv-yadav.webp,true,2026-09-19 06:24:26.150142+00,"Chairman, Urology & Head, Urologic Oncology and Robotic Surgery",,,false,"[""MBBS — Sawai Man Singh Medical College, Jaipur (1998)"",""MS (General Surgery) — AIIMS, New Delhi (2001)"",""MCh (Urology) — AIIMS, New Delhi (2005)"",""Fellowship in Urologic Oncology & Robotic Surgery — New York-Presbyterian Hospital, Weill Cornell Medical Center, USA (2008–2009)""]","[""Best Clinical Research Award, American Urological Association (2008 and 2009)"",""Gold Medal in Urology (best outgoing resident), AIIMS, 2005"",""Delhi Urological Society Achievers Award (2016)"",""Best-video award, Robotic Surgeon's Council Meet (2006)""]",,"[""Director & Head, Urology, Robotic Surgery & Uro-oncology, Fortis Memorial Research Institute (FMRI), Gurugram"",""Senior Consultant, Dharamshila Superspeciality Hospital""]",
6a685bb9-2f0e-4f6a-a9fe-ada9aaa36e1e,Dr. Shri Ram Kabra,dr-shri-ram-kabra,Nephrology,aead77fb-b45e-4e08-b49e-287bc8125fe7,,,/images/specialists/dr-shri-ram-kabra.webp,true,2026-09-19 06:24:26.150142+00,"Director, Nephrology",,,false,,,,,
6b63541e-5391-45d8-85d9-3bc45e706b47,Dr. Rajneesh Malhotra,dr-rajneesh-malhotra,Cardiac Care,997ca37d-da74-465c-b6cf-b5645905dc73,33,"Dr. Rajneesh Malhotra heads cardiothoracic and vascular surgery at Max Super Speciality Hospital, Saket, with over 33 years of surgical experience. He completed his MBBS at King George's Medical College, Lucknow, his MS in General Surgery, and his MCh in Cardiothoracic and Vascular Surgery at the L.P.S. Institute of Cardiology, Kanpur. His practice centres on minimally invasive and robotic cardiac surgery and on advanced heart failure, including ventricular assist devices, ECMO support and heart transplantation. He was previously Director of Cardiac Surgery at Medanta – The Medicity, a senior consultant at Escorts Heart Institute and Research Centre, and chief consultant at Durdans Heart Surgical Centre in Colombo.",,false,2026-09-06 21:45:48.544128+00,"Vice Chairman & Head, Cardiac Surgery / CTVS & Robotic Surgery",Cardiac Surgery,,false,"[""MBBS (King George's Medical College, Lucknow)"",""MS General Surgery (King George's Medical College, Lucknow)"",""MCh Cardiology (L.P.S. Institute of Cardiology, G.S.V.M. Medical College, Kanpur)"",""Fellowship in Cardiac Surgery, University Hospital, Uppsala, Sweden""]","[""Dr. J.J. Sood Oration Award (2013)""]",,,
6c73682f-029a-4c71-ba7c-8c069b16370a,Dr. Ankur Bahl,dr-ankur-bahl,Oncology Care,ee6f3f0c-ee78-4a8f-8d4b-01005b2e0567,15,"Dr. Ankur Bahl leads medical oncology and haematology at Fortis Memorial Research Institute, Gurgaon, with more than 15 years in the field. He completed his MBBS and MD in Medicine at Maulana Azad Medical College, Delhi, and his DM in Medical Oncology at AIIMS, New Delhi, and has studied adverse drug reactions and pharmacovigilance at the University of Oxford. His practice covers breast, lung and gastrointestinal cancers and blood disorders, using chemotherapy, immunotherapy, targeted therapy and precision oncology. He is lead author on the largest real-world Indian dataset on targeted therapy in head and neck cancer, and previously directed medical oncology and haemato-oncology at Max Super Speciality Hospital, Saket.",,false,2026-09-06 21:45:48.544128+00,"Senior Director, Medical Oncology & Hemato-Oncology",Medical Oncology,,false,"[""MBBS (Maulana Azad Medical College, New Delhi)"",""MD Medicine (Maulana Azad Medical College, New Delhi)"",""DM Medical Oncology (AIIMS, New Delhi)"",""Course in Adverse Drug Reactions, Drug Interactions & Pharmacovigilance, University of Oxford, UK""]",,,,
6c900262-b71f-492d-91a6-70e20b0a5ffa,Dr. Amal Roy Chaudhoory,dr-amal-roy-chaudhoory,Oncology Care,ee6f3f0c-ee78-4a8f-8d4b-01005b2e0567,17,"Dr. Amal Roy Chaudhoory is a radiation oncologist with more than 17 years of experience and is a Director in radiation oncology at Fortis Memorial Research Institute, Gurgaon. He completed his MBBS and MD at Kasturba Medical College, Manipal, and previously worked at Rajiv Gandhi Cancer Institute and at Max Hospital in Saket and Shalimar Bagh. He is trained across the advanced radiotherapy techniques, including intensity-modulated and image-guided radiotherapy, gated and adaptive treatment, stereotactic radiosurgery and stereotactic body radiotherapy. His clinical interests are head and neck cancers, genitourinary and abdominal malignancies, and brain tumours, and he is a member of ESTRO, ASTRO and the Association of Radiation Oncologists of India.",,false,2026-09-06 21:45:48.544128+00,"Director, Radiation Oncology",Oncology Radiation,,false,"[""MBBS (Manipal Academy of Higher Education / Kasturba Medical College, Manipal, 1996)"",""MD Radiotherapy (Manipal, 2002)""]",,,,
6d54030b-9dd4-4394-98d4-055462dcef79,Dr. Neha Kapoor,dr-neha-kapoor,Neurosurgery,55fba62f-7bd1-4396-94ff-57a1d09f07e3,9,"A neurologist treating stroke, epilepsy/seizures, dementia, headache/migraine, demyelinating disorders, multiple sclerosis, movement disorders, Parkinson's disease, muscle disorders and myasthenia gravis. Member of the Indian Academy of Neurology, the Delhi Neurology Association, the American Academy of Neurology, and the Movement Disorder Society.",/images/specialists/dr-neha-kapoor.webp,true,2026-09-19 06:24:26.150142+00,"Associate Director & HOD, Neurology",,,false,"[""MBBS — Maulana Azad Medical College (MAMC), New Delhi"",""MD (Medicine) — Maulana Azad Medical College, New Delhi"",""DM (Neurology) — AIIMS, New Delhi""]","[""ISBAL Student of the Year Award, MAMCOS (2009)""]",,"[""Senior Resident in Neurology, AIIMS (2015–2017)"",""Senior Resident in Medicine, MAMC (2014)"",""Associate Consultant, Neurology, Jaypee Hospital, Noida (early 2018)""]",
6e331d65-ddd0-4506-b967-fe460fd8aa04,Dr. Vinod Raina,dr-vinod-raina,Oncology Care,ee6f3f0c-ee78-4a8f-8d4b-01005b2e0567,40,"Dr. Vinod Raina is a medical oncologist with more than 40 years in the field and chairs oncosciences for Fortis Healthcare, based at Fortis Memorial Research Institute, Gurgaon. He spent 24 years at AIIMS, New Delhi, as Professor and Head of Medical Oncology, where he was principal investigator on around 50 research projects and mentored close to 70 residents and DM students. He joined Fortis in 2013 to head medical oncology and haematology. His expertise covers breast, lung, gastrointestinal, urological and gynaecological cancers as well as lymphoma and myeloma, and he has personally performed around 400 bone marrow and stem cell transplants. He is a co-founder of the INDOX cancer research network.",,false,2026-09-06 21:45:48.544128+00,"Executive Director & Chairperson, Oncosciences",Medical Oncology,,false,"[""MBBS (Government Medical College, Srinagar, 1974)"",""MD Internal Medicine (AIIMS, New Delhi, 1977)"",""DM Medical Oncology (AIIMS, 1984)"",""MRCP (UK)"",""FRCP (Edinburgh and London)"",""FAMS"",""Clinical Research Fellow, Medical Oncology, Glasgow, UK""]","[""Best Consultant, Fortis Memorial Research Institute (2016)"",""Honorary Research Fellow, Oxford University (2005–2010)""]",,,
6e48f22b-b060-43dc-bcf4-d287cfe5cf75,Dr. Rajesh Sharma,dr-rajesh-sharma,Cardiac Care,,32,"Dr. Rajesh Sharma is Clinical Director of Paediatric Cardiac Surgery at Marengo Asia Hospitals, Faridabad, with over 32 years of experience and more than 20,000 paediatric cardiac procedures. He completed his MBBS, MS in General Surgery and MCh in Cardiothoracic and Vascular Surgery at AIIMS, New Delhi, followed by a fellowship in paediatric cardiovascular surgery at Boston Children's Hospital, affiliated with Harvard Medical School. His practice centres on infant and neonatal cardiac surgery, arterial and double-switch operations for transposition of the great arteries, and biventricular repair of complex lesions where a single-ventricle pathway can be avoided. He previously headed paediatric cardiac surgery at Jaypee Hospital, Noida, and at Fortis Escorts Heart Institute, and was Additional Professor at AIIMS.",,false,2026-09-06 21:45:48.544128+00,"Clinical Director, Paediatric Cardiac Surgery",Paediatric Cardiac Surgery,,false,"[""MBBS (AIIMS, New Delhi, 1982)"",""MS General Surgery (AIIMS, 1986)"",""MCh Cardio-Thoracic & Vascular Surgery (AIIMS, 1988)"",""Fellowship in Paediatric Cardiovascular Surgery, Boston Children's Hospital (Harvard Medical School)"",""Fellowship in Paediatric Cardiovascular Surgery, Mary Ann Knight Hospital for Children, Miami"",""Training in Ventricular Assist Devices, Berkeley, USA""]",,,,"[""Numerous publications in national and international journals""]"
71d72640-aa14-4c2d-98c0-20cd2de6eb01,Dr. (Col.) Joy Dev Mukherji,dr-joy-dev-mukherji,Neurosurgery,2afa15cc-809b-498c-981c-126d5bc494bb,,"A senior neurologist treating stroke, epilepsy, headache/migraine, movement disorders, dementia and neuromuscular disorders. A retired Colonel with an Armed Forces medical background.",/images/specialists/dr-joy-dev-mukherji.webp,true,2026-09-19 06:24:26.150142+00,"Senior Consultant, Neurology",,,false,"[""MBBS"",""MD (Medicine)"",""DM (Neurology)""]",,,,
724f0302-5508-47e3-a08b-138acba89c6b,Dr. Vivek Verma,dr-vivek-verma,Oncology Care,38912589-bb1e-4110-95ed-67e6db78d709,19,"Dr. Vivek Verma is an orthopaedic oncologist and joint reconstruction surgeon with 19 years of experience, and leads musculoskeletal oncology at Max Super Speciality Hospital, Vaishali. His practice covers tumours of bone and soft tissue, paediatric cancers, and complex oncological surgery, with a focus on limb-preservation surgery and advanced bone and joint reconstruction. He studied at B.J. Medical College, Pune, completed a fellowship in orthopaedic oncology at Tata Memorial Centre, Mumbai, and trained further in trauma and arthroplasty at BG Klinik, Tübingen. He established the first dedicated orthopaedic oncology service in Uttarakhand, at Max Super Speciality Hospital, Dehradun.",,false,2026-09-06 21:45:48.544128+00,"Director, Orthopedic Oncology & Joint Reconstructive Surgery",Orthopaedic Oncology Surgery,,false,"[""MBBS (B.J. Government Medical College, Pune / Maharashtra University of Health Sciences, 2007)"",""DNB Orthopedic Surgery (National Board, 2011)"",""Fellowship in Orthopedic Oncology, Tata Memorial Centre (2016)"",""Clinical Fellowship in Trauma & Joint Replacement, BG Klinik, Tübingen, Germany""]",,,,
72ec4b34-03be-424f-a697-dee703f14261,Dr. Anil Bhan,dr-anil-bhan,Cardiac Care,8f90193f-a179-462f-9f6f-82e792b10848,35,"Dr. Anil Bhan chairs cardiac surgery at the Medanta Heart Institute, Gurugram, with more than 35 years in cardiothoracic and vascular surgery and over 15,000 operations to his credit. He studied at Government Medical College, Srinagar, and PGIMER, Chandigarh, and completed his MCh at AIIMS, New Delhi, where he later served as Additional Professor of Cardiothoracic and Vascular Surgery. He was part of the team that performed India's first successful heart transplant in 1994, and holds one of the country's largest experiences in aortic surgery. His work also spans paediatric cardiac surgery, valve repair and peripheral vascular surgery, and he has designed more than 50 instruments for cardiac procedures.",,false,2026-09-06 21:45:48.544128+00,"Chairman, Cardiac Surgery",Cardiac Surgery,,false,"[""MBBS (Government Medical College, Srinagar)"",""MS, General Surgery (PGIMER, Chandigarh)"",""MCh, Cardiothoracic and Vascular Surgery (AIIMS, New Delhi)""]","[""Certificate of Distinction, first rank in the Pre-Medical Examination, University of Kashmir"",""Certificate of Distinction, first position in the MBBS examination, University of Kashmir"",""Silver Medal, PGI Chandigarh, for first-order performance in the M.S. General Surgery examination"",""Life Time Achievement Award, World Congress of Clinical and Preventive Cardiology, 2006 — conferred by former President of India Dr. A.P.J. Abdul Kalam at Rashtrapati Bhawan"",""P.K. Sen Oration, Indian Association of Cardiovascular Surgery, 2009"",""K.N. Dastur Oration, Indian Association of Cardiovascular Surgery, 2013"",""Life Time Achievement Award, Human Care Charitable Trust, 2014"",""Life Time Achievement Award, Kashmir Education, Cultural and Science Society (KECESS), 2015"",""DMA Chikitsa Ratan Award, Delhi Medical Association, 2014"",""Felicitation, Society of Heart Failure and Transplantation, Kochi, 2016, for contribution to thoracic organ transplantation in India"",""Felicitation, Kashmir Medicos – Old Students Forum, 2007"",""Felicitation for contribution to the Indian Organ Donation and Awareness Program, 2015"",""Distinguished Service Award, IMA New Delhi Branch, 2007"",""Magnanimous Award, IMA Academy of Medical Specialities, 2007"",""Appreciation Award, Rotary Club of Faridabad, District 3010, 2005"",""Nagrik Abhinandan, Gauravgatha Abhinandan Samaroh Samiti, Agra, 2010""]",,"[""Internship, Christian Medical College, Vellore"",""Pool Officer, Cardiothoracic and Vascular Surgery, All India Institute of Medical Sciences, New Delhi"",""Additional Professor, Cardiothoracic and Vascular Surgery, AIIMS, New Delhi"",""Co-founder & Director, Max Heart and Vascular Institute, Saket, New Delhi"",""Chief Co-ordinator, Cardiothoracic and Vascular Surgery, Max Heart and Vascular Institute, Saket""]",
732bf07d-d739-4ad1-b1ac-9c27bf1bf6bd,Dr. Ajay Kaul,dr-ajay-kaul,Cardiac Care,c61c7a6e-26e0-4c06-9f70-3cec469540e4,38,"Dr. Ajay Kaul is listed among the top cardiac surgeons in the country, with over 20,000 cardiac surgeries to his name. He is widely acknowledged for his expertise in Total Arterial Coronary Bypass Surgery, Paediatric Cardiac Surgery, Valve Repairs, Structural Heart Disease, and surgery for cardiac failure. He is an expert in heart failure management — including LVAD (Left Ventricular Assist Device) implantation and heart transplant — and has performed over 5,000 Minimally Invasive Cardiac Surgical procedures, along with interventions for structural heart disease, peripheral vascular and endovascular stent placement, and transcatheter aortic and mitral valve replacement. Dr. Kaul completed his MBBS, MS (General Surgery), and M.Ch (Cardiothoracic and Vascular Surgery) from Bombay University, and has an overall experience of more than 38 years.",,false,2026-09-06 21:45:48.544128+00,Chairman Cardiac Sciences,Cardiac Surgery,,false,"[""MBBS"",""MS (General Surgery)"",""M.Ch (Cardiothoracic Surgery)"",""Fellowship in Heart & Lung Transplant, Hannover Medical School"",""Fellowship in Minimally Invasive Cardiac Surgery, Leipzig Heart Centre, Germany""]","[""One of the highest number of TAVR by surgery (Aortic Valve Replacement without open heart surgery)"",""Over 25,000 cardiac surgeries performed"",""Over 5,000 MICS (Minimally Invasive Cardiac Surgery) procedures"",""Over 4,000 coronary bypass surgeries, including Total Arterial Coronary Bypass""]",,,
740b9893-97d4-412f-b3eb-b618091f2830,Dr. Abhiyutthan Singh Jadaon,dr-abhiyutthan-singh-jadaon,Urology Care,4e52030f-c218-43cb-bba4-70957ef82c0d,,"A renal transplant surgeon and urologist leading ILBS's renal transplant and urology services (since approximately October 2017). Clinical scope includes renal transplant (live and cadaveric), endourology, uro-oncology, laparoscopy, reconstructive urology, ESWL and urodynamics.",/images/specialists/dr-abhiyutthan-singh-jadaon.webp,true,2026-09-19 06:24:26.150142+00,Renal Transplant & Urology,,,false,"[""MBBS & training — Seth G.S. Medical College & KEM Hospital, Mumbai"",""MS (General Surgery); MCh / DNB (Urology) — specialty training in urology and renal transplantation""]",,,,"[""Approximately 16 publications, including cited works on renal transplant, biliary cystic tumours, congenital urethral valves, and dual-kidney transplantation""]"
760cfddf-bef5-4d91-8579-0ff6c67c60aa,Dr. Sangram Keshari Sahoo,dr-sangram-keshari-sahoo,Oncology Care,55fba62f-7bd1-4396-94ff-57a1d09f07e3,,"A surgical oncologist and minimally-access oncosurgeon with an organ-conservative, function-preservative approach. Expertise spans head & neck, thoracic (VATS), GI & HPB, breast, gynaecological, genito-urological, and bone & soft-tissue oncology, plus cytoreductive surgery (CRS) with HIPEC/PIPEC and sentinel node biopsy. Has performed 10,000+ cancer surgeries. Member of ASI, IMA, IASO, ISO, IAGES, AMASI, SELSI, NAMS, and the Delhi Oncology Forum.",/images/specialists/dr-sangram-keshari-sahoo.webp,true,2026-09-19 06:24:26.150142+00,"Director & Head, Surgical Oncology",,,false,"[""MBBS — S.C.B. Medical College, Cuttack (2000)"",""DNB (General Surgery) — National Academy of Medical Sciences / NBE (2009); MNAMS"",""DNB (Surgical Oncology) — 2017"",""FICS (Surgical Oncology) — International College of Surgeons, Chicago, USA"",""Fellowships: FAIS, FIAGES, FALS-HPB, FMAS, FIAMS""]","[""Best Oncosurgeon Award, Indian Medical Association"",""Excellence in Cancer Surgery Award""]",,"[""Metro Hospital & Cancer Institute, New Delhi"",""Apollo Hospitals"",""Fortis Mohali"",""HCG Pinnacle Visakhapatnam"",""AMRI Bhubaneswar""]","[""Multiple publications and award-winning scientific presentations in peer-reviewed journals; noted for innovative oncosurgical/oncoplastic techniques""]"
77eb0832-d7e1-4912-95ed-4f91ac9e7960,Dr. Yogendra Singh Rajput,dr-yogendra-singh-rajput,Cardiac Care,9fa0cca0-16bb-4af8-b88c-d5383f792c8f,,,/images/specialists/dr-yogendra-singh-rajput.webp,true,2026-09-19 06:24:26.150142+00,"Senior Consultant, Interventional Cardiology",,,false,,,,,
786d7cf3-017f-41f7-bbe5-f44f7aaad219,Dr. Anil Gulia,dr-anil-gulia,Urology Care,6933d205-be44-42d4-98bb-4bcb7dfee661,15,"A urologist and renal transplant surgeon. Performs kidney transplants routinely with reported ~95% success rates, including paediatric, triple/quadruple-vessel, re-do, ABO-incompatible and swap transplants. Expertise in advanced endourology (RIRS, mini-PCNL, HoLEP), reconstructive urology (kidney, ureter, bladder, urethra), laparoscopic donor nephrectomy, and cancers of the kidney, bladder and prostate. Member of the European Association of Urology, the Indian Society of Organ Transplantation, the European Society of Organ Transplantation, and the Urological Society of India.",/images/specialists/dr-anil-gulia.webp,true,2026-09-19 06:24:26.150142+00,"Director, Urology & Kidney Transplant",,,false,"[""MBBS — Gajra Raja Medical College, Gwalior"",""MS (General Surgery) — AIIMS, New Delhi"",""MCh (Urology) — Sanjay Gandhi Postgraduate Institute of Medical Sciences (SGPGI), Lucknow"",""FSRS — Roswell Park Cancer Institute, Buffalo, New York, USA; Certified Robotic Surgeon (AIMS Kochi / Intuitive Surgical)""]",,,"[""Trained at SGPGI, Lucknow and AIIMS, New Delhi""]","[""Active faculty at urology and transplantation forums with several international publications""]"
78b0f089-cb93-4f0c-b02b-57be4018a312,Dr. Kulbhushan Singh Dagar,dr-kulbhushan-singh-dagar,Cardiac Care,997ca37d-da74-465c-b6cf-b5645905dc73,21,"Dr. Kulbhushan Singh Dagar is Chief of Neonatal and Congenital Heart Surgery at Max Super Speciality Hospital, Saket, and has spent over 21 years in cardiac surgery, the last decade and a half devoted entirely to infants and children with congenital heart defects. He completed his MBBS at the University of Delhi and his MS in General Surgery and MCh in Cardiothoracic and Vascular Surgery at AIIMS, New Delhi, and served as a specialist registrar at Great Ormond Street Hospital for Children in London. He operates across the full range of congenital cardiac defects in newborns and children, with a particular interest in complex neonatal defects and valve repair in children.",,false,2026-09-06 21:45:48.544128+00,"Principal Director & Chief, Neonatal & Congenital Heart Surgery",Paediatric Cardiac Surgery,,false,"[""MBBS"",""MS General Surgery"",""MCh Cardio-Thoracic & Vascular Surgery (Govind Ballabh Pant Hospital, Delhi University)"",""Advanced training in congenital heart surgery, Great Ormond Street Hospital, London""]","[""Dr. V. Balagopal Raju Endowment Award (for work on cardiopulmonary bypass in infants with sickle cell disease)""]",,"[""Paediatric cardiac surgery, Escorts Heart Institute"",""Paediatric cardiac surgery, Lotus Children's Hospital, Hyderabad""]",
797fdf24-a5d0-463c-b742-ba34ee8857b1,Dr. Yugal Kishore Mishra,dr-yugal-kishore-mishra,Cardiac Care,40bddee2-b8b4-4241-9ffd-dc5f004fd7c5,45,"Dr. Yugal Kishore Mishra chairs the Manipal Institute of Cardiac Sciences and is Chief of Clinical Services at Manipal Hospital, Dwarka, New Delhi. Across 45 years he has performed more than 19,000 open-heart operations, and he founded the hospital's robotic cardiac surgery programme, where he has carried out over 500 robotic procedures. He completed his MBBS at S.S. Medical College, Rewa, in 1980, his MS in General Surgery in 1984, and a PhD in Cardiovascular Surgery at the Bakulev Institute in Moscow in 1991. He trained in robotic and minimally invasive cardiac surgery in the United States, the Netherlands, France and Sweden, and has performed live operative demonstrations at workshops in Bangladesh, Nepal and Thailand.",,false,2026-09-06 21:45:48.544128+00,Chief of Clinical Services & Head of Cardiac Sciences,Cardiac Surgery,,false,"[""MBBS (S.S. Medical College, Rewa, MP, 1980)"",""MS General Surgery (S.S. Medical College, Rewa, 1984)"",""PhD Cardiovascular Surgery (Bakulev Institute of Cardiovascular Surgery, Moscow, 1991)"",""Fellowship in Minimally Invasive/Valve Surgery, Salt Lake City, USA"",""Fellowship in Endoscopic IMA Harvesting, University of Strasbourg, France""]","[""Honoris Causa Doctorate (Doctor of Science), Rani Durgavati Vishwavidyalaya"",""Rashtriya Ratan Award, International Study Circle (2005)"",""Lifetime Achievement Award, World Congress on Clinical and Preventive Cardiology""]",,"[""Senior cardiac surgery role, Medanta – The Medicity""]",
79e95ccd-7300-4ae4-80b0-c143a9027891,Dr. Anurag Aggarwal,dr-anurag-aggarwal,Orthopaedic Care,aead77fb-b45e-4e08-b49e-287bc8125fe7,,,/images/specialists/dr-anurag-aggarwal.webp,true,2026-09-19 06:24:26.150142+00,"Senior Consultant, Orthopaedics & Joint Replacement",,,false,,,,,
7b5d5c48-4340-46cf-993d-8d6694e0bf36,Dr. Rajesh K. Verma,dr-rajesh-k-verma,Orthopaedic Care,9fa0cca0-16bb-4af8-b88c-d5383f792c8f,,,/images/specialists/dr-rajesh-k-verma.webp,true,2026-09-19 06:24:26.150142+00,"Director, Orthopaedics",,,false,,,,,
7cb81fd1-0690-431a-96f7-e34299dc918c,Dr. Vijay Kant Dixit,dr-vijay-kant-dixit,Neurosurgery,ee6f3f0c-ee78-4a8f-8d4b-01005b2e0567,22,"Dr. Vijay Kant Dixit directs interventional neuroradiology at Fortis Memorial Research Institute, Gurgaon, with more than 22 years in the subspecialty. He completed his MBBS and MD in Radiology at J.N. Medical College, Aligarh Muslim University, was a senior resident at AIIMS, and took clinical attachments at Oxford and Newcastle. He has performed more than 10,000 cerebral and spinal angiograms and around 2,000 neuro-interventions, including some 1,400 aneurysm coiling procedures, and has published widely.",,false,2026-09-06 21:45:48.544128+00,"Director, Interventional Neuroradiology",Neurointerventional Radiology,,false,"[""MBBS (Jawaharlal Nehru Medical College, AMU, Aligarh, 1990)"",""MD Radiology (JN Medical College, AMU, Aligarh, 1993)"",""Senior Residency in Neuroradiology, AIIMS, New Delhi (1993–95)"",""Clinical attachments in Interventional Neuroradiology, Oxford and Newcastle, UK (1999–2001)"",""Fellowship in Ultrasound, Vienna, Austria""]",,,,
7de928fa-50fa-4f86-a6af-b56501efa8fd,Dr. Amit Chaudhary,dr-amit-chaudhary,Cardiac Care,55fba62f-7bd1-4396-94ff-57a1d09f07e3,,"A cardiothoracic and vascular surgeon with interests in minimally invasive cardiac surgery, endovascular/aortic repairs, TAVI, LVAD, ECMO, and heart & lung transplant. Member of the European Society of Thoracic Surgeons and the Indian Association of Cardiovascular-Thoracic Surgeons (IACTS).",/images/specialists/dr-amit-chaudhary.webp,true,2026-09-19 06:24:26.150142+00,"Associate Director, Cardiothoracic & Vascular Surgery (CTVS)",,,false,"[""MBBS"",""MS (General Surgery) — King George's Medical College, Lucknow"",""MCh (Cardiothoracic & Vascular Surgery) — SGPGI, Lucknow"",""MRCS (UK); PLAB I & II"",""Fellowship in Clinical Research — City of Hope, Duarte, CA, USA"",""Clinical attaché / paediatric surgery training — Royal Liverpool Children's Hospital (Alder Hey), UK""]",,,"[""Senior Consultant, BLK Super Speciality Hospital, New Delhi""]",
7e309826-7207-49f5-872c-5d236fa60941,Dr. Ajay Kumar Kriplani,dr-ajay-kumar-kriplani,General Surgery,ee6f3f0c-ee78-4a8f-8d4b-01005b2e0567,40,"Dr. Ajay Kumar Kriplani heads minimal access, bariatric and gastrointestinal surgery at Fortis Memorial Research Institute, Gurgaon, with more than 40 years of experience and among the first surgeons to introduce laparoscopic surgery to India. He performed the country's first laparoscopic adrenalectomy and laparoscopic splenectomy, and North India's first laparoscopic Whipple pancreatico-duodenectomy. He is a past president of the Indian Association of Gastrointestinal Endosurgeons and introduced its fellowship programme. He has held posts at Safdarjung Hospital, AIIMS, Indraprastha Apollo Hospital and the Sitaram Bhartia Institute, all in New Delhi.",,false,2026-09-06 21:45:48.544128+00,"Principal Director & HOD, GI, Minimal Access & Bariatric Surgery","General Surgery, General and Minimal Access",,false,"[""MBBS (1978), Ravi Shankar University, Raipur"",""MS General Surgery (1981), Ravi Shankar University, Raipur"",""Residency, AIIMS, New Delhi""]","[""Dr. S.R. Joglekar Award""]",,"[""First in India to perform laparoscopic live-donor nephrectomy for kidney transplant""]",
7f5e4548-339d-418a-b47c-bdd7be3a7243,Dr. Anita Saxena,dr-anita-saxena,Cardiac Care,6933d205-be44-42d4-98bb-4bcb7dfee661,40,"Dr. Anita Saxena is a paediatric cardiologist with over 40 years in patient care, teaching and research, and is Executive Director of Paediatric Cardiology at Fortis Escorts Heart Institute, New Delhi. She previously headed the Department of Cardiology and led the Cardiothoracic Sciences Centre at AIIMS, New Delhi. She pioneered foetal cardiac diagnostic services in India and wrote national guidelines for the management of paediatric heart disease. She has published 368 research papers, has mentored more than 40 doctoral students, and was listed among the world's top 2% of scientists in 2023.",,false,2026-09-06 21:45:48.544128+00,"Executive Director, Paediatric Cardiology",Paediatric Cardiology,,false,"[""MBBS"",""MD (Medicine)"",""DM (Cardiology)"",""Fellow American College of Cardiology"",""Fellow National Academy of Medical Sciences""]","[""Lifetime Achievement Award, Cardiological Society of India"",""Lifetime Achievement Award, Pediatric Cardiac Society of India""]",,"[""Chief, Cardiothoracic Centre, AIIMS, New Delhi"",""Head, Department of Cardiology, AIIMS, New Delhi"",""Established paediatric cardiology services, University of Manitoba, Canada"",""Vice Chancellor, Pt. B.D. Sharma University of Health Sciences, Rohtak""]",
80466150-914f-408e-bc4d-a90240213057,Dr. Pankaj Bajaj,dr-pankaj-bajaj,Orthopaedic Care,d386c166-929d-48a2-a954-92c4745633d2,25,"A senior joint replacement and sports-injury surgeon. Expertise in primary and revision knee/hip replacement, robotic joint replacement, and arthroscopic knee/shoulder surgery. Reported approximately 5,000+ arthroscopies and 15,000+ joint replacements over his career.",/images/specialists/dr-pankaj-bajaj.webp,true,2026-09-19 06:24:26.150142+00,"HOD, Orthopaedics & Joint Replacement",,,false,"[""MBBS — Maulana Azad Medical College, Delhi"",""MS (Orthopaedics) — Dr. Ram Manohar Lohia Hospital / University of Delhi (2000)"",""DNB (Orthopaedics) — National Board of Examinations"",""Clinical Fellow in Sports Medicine — Singapore General Hospital"",""MCh (Orthopaedics) — American Academy of Continuing Medical Education""]",,,,"[""Extensive training in Singapore, UK, Australia and Europe""]"
80a9bc6f-0f37-44b7-9066-75299773009b,Dr. K.D. Soni,dr-k-d-soni,Orthopaedic Care,2fa916fb-2d90-4f8c-b2bc-b5b22e84b1cb,38,A very senior orthopaedic and joint replacement surgeon with a special interest in trauma and joint replacement. Member of the British Orthopaedics Association and the Indian Medical Association.,/images/specialists/dr-k-d-soni.webp,true,2026-09-19 06:24:26.150142+00,"Additional Director, Orthopaedics",,,false,"[""MBBS"",""MS (Orthopaedics)"",""MCh (Orthopaedics) — Liverpool, UK""]",,,,
811e5b08-22e3-4b1c-8f10-08d6fc54ac6b,Dr. Vikas Tandon,dr-vikas-tandon,Spine Surgery,92052dff-8d68-4dd8-84f2-6e9bf0eabd67,21,"A leading spine surgeon. Expertise in minimally invasive spine surgery, spinal deformity/scoliosis correction, spinal trauma reconstruction, and osteoporotic spine fixation.",/images/specialists/dr-vikas-tandon.webp,true,2026-09-19 06:24:26.150142+00,"Director, Spine Services",,,false,"[""MBBS — Goa Medical College (1997/98)"",""DNB (Orthopaedics) — St. Stephen's Hospital (2003)"",""FNB (Spine Surgery) — Indian Spinal Injuries Centre (2007)"",""Fellowship in Minimally Invasive Spine Surgery — Klinikum der Universität München, Germany (2008)"",""Fellowship in Spine Deformity Correction — Barnes-Jewish / Shriners Hospital, Washington University, USA (2011)"",""Fellowship in Spine Surgery — Harvard Medical School, USA""]",,,"[""HOD of Spine Surgery, Max Hospital Patparganj"",""HOD of Spine Surgery, Moolchand Hospital""]","[""40+ publications; active in spine deformity research""]"
82e7fb16-b49f-4ab1-86a0-10d7d879f4ba,Dr. Prashaant Chaudhry,dr-prashaant-chaudhry,Ophthalmology,fbd28ea2-0d7d-4532-8243-56a5ae2d16db,18,"An ophthalmologist and refractive surgeon with interests in cornea, refractive surgery, medical retina/diabetic retinopathy, and comprehensive ophthalmology, with a focus on research and innovation.",/images/specialists/dr-prashaant-chaudhry.webp,true,2026-09-19 06:24:26.150142+00,"HOD, Ophthalmology",,,false,"[""MBBS — AIIMS, New Delhi (2004)"",""MD (Ophthalmology) — AIIMS, New Delhi (2007)"",""FICO — Fellow, International Council of Ophthalmology (2008)"",""Observership — Bascom Palmer Eye Institute, Miami (2014)""]",,,"[""Dr. Agarwal's Eye Hospital, New Delhi"",""R.K. Netralaya Eye Hospital, Varanasi""]","[""Author of numerous peer-reviewed articles"",""Contributing author, Microincision Cataract Surgery: The Art and Science (Slack Inc.)"",""Contributing author, Video Atlas of Advanced Ophthalmic Surgeries (Slack Inc.)"",""Contributing author, an OSCE in Ophthalmology text (Jaypee)"",""Regular speaker at national conferences (DOS, AIOS, IIRSI, and others)""]"
858b2e37-ad58-4b92-bb2a-97e91b87d1c3,Dr. Sanjay Gogoi,dr-sanjay-gogoi,Urology Care,8f90193f-a179-462f-9f6f-82e792b10848,25,"Dr. Sanjay Gogoi chairs urology, kidney transplantation and uro-oncology at the Renal Care Institute at Medanta – The Medicity, Gurugram, with over 25 years in urology and more than 1,000 kidney transplants performed. He is trained in robotic surgery for both benign and malignant disease of the kidney, bladder, prostate and adrenal glands, and his particular interests are Retzius-sparing robotic radical prostatectomy, radical cystectomy with orthotopic neobladder, and robotic kidney transplantation in patients with a high body mass index. He has carried out one of India's largest series of paediatric kidney transplants and is recognised for his work in congenital anomalies of the kidney and urinary tract. He previously headed urology and renal transplantation at Apollo Hospital Colombo, Fortis Memorial Research Institute, Manipal Hospital Delhi and Max Super Speciality Hospital Dwarka.",,false,2026-09-06 21:45:48.544128+00,"Chairman, Urology, Kidney Transplant & Uro-Oncology",Urology and Kidney Transplant Surgery,,false,"[""MBBS (Assam Medical College, Dibrugarh)"",""MS General Surgery (Assam Medical College, Dibrugarh)"",""MCh Urology/Genito-Urinary Surgery (SGPGIMS, Lucknow)"",""DNB Urology"",""MNAMS"",""Robotic surgery training, da Vinci Training Center, Intuitive Surgical, California""]","[""Indian record, largest series of Interstim insertions (sacral neuromodulation)"",""Among the largest numbers of paediatric renal transplants in India""]",,"[""Urology & Transplant, SVIMS Tirupati""]",
87832e64-1d64-42ad-b43a-564dd730e711,Dr. T.S. Kler,dr-t-s-kler,Cardiac Care,3347adc9-d8bc-4aa8-8233-20d8c99c901b,,"A Padma Bhushan-awarded interventional cardiologist and electrophysiologist, widely regarded as a pioneer of cardiac electrophysiology in India — credited with founding the country's first EP department and with India's first ICD, CRT-P, CRT-D implants and first His-bundle pacing (2015). Has performed 35,000+ coronary/renal/carotid/peripheral angioplasties. Mentor to 300+ cardiologists; scientific advisor to US medical-device firms; frequent HRS/ACC faculty.",/images/specialists/dr-t-s-kler.webp,true,2026-09-19 06:24:26.150142+00,Senior Chairman-level Electrophysiologist,,,false,"[""MBBS — Government Medical College, Patiala"",""MD (Medicine) — PGIMER, Chandigarh"",""DM (Cardiology) — PGIMER, Chandigarh"",""MRCP (UK); FRCP (UK); FACC (USA); DSc (Honoris Causa), Punjab University; senior fellowship, Milwaukee (USA)""]","[""Padma Bhushan (2005) — Government of India"",""Lifetime Achievement Award, Indian Medical Association"",""Times Healthcare Achievers \""Legend of Medicine\"""",""Delhi Medical Association Centenary Award"",""DSc (Honoris Causa), Punjab University""]",,"[""Approximately 28 years at Escorts Heart Institute (Executive Director for the last 12 years there)"",""Fortis Heart Institute"",""PSRI Heart Institute""]","[""Approximately 150 articles""]"
87835f4b-4881-45e7-960b-bb681fd89287,Dr. Arun Kumar Giri,dr-arun-kumar-giri,Oncology Care,fbd28ea2-0d7d-4532-8243-56a5ae2d16db,20,"A surgical oncologist and robotic surgeon with expertise in peritoneal surface malignancies (CRS & HIPEC), head & neck, gastrointestinal, thoracic and minimally invasive/VATS surgeries. Member of the Association of Surgeons of India, the Indian Association of Surgical Oncology, the Society of Surgical Oncology (USA), and the American College of Surgeons.",/images/specialists/dr-arun-kumar-giri.webp,true,2026-09-19 06:24:26.150142+00,"Director, Surgical Oncology",,,false,"[""MBBS — Institute of Medical Sciences (IMS), Banaras Hindu University"",""MS (General Surgery) — Institute of Medical Sciences, BHU"",""DNB (Surgical Oncology) — National Board of Examinations, Delhi"",""Head & Neck Surgery training — Memorial Sloan Kettering Cancer Center, New York"",""Peritoneal Surface Surgery / CRS / HIPEC training — MedStar Washington Medical Center, USA"",""Minimally Invasive GI/Colorectal Surgery training — Japanese Foundation for Cancer Research, Tokyo"",""Training — University Hospital North Tees, UK""]","[""University Gold Medal — Best Surgical Resident (1999)"",""Best Doctor Award (2015), Aakash Healthcare"",""Master Surgeon Award (2022), Aakash Healthcare""]",,,"[""Several publications in international and national journals; has conducted live surgical workshops""]"
888c3927-eeea-4ab8-8d70-d0d94424e2d4,Dr. Madhuri Behari,dr-madhuri-behari,Neurosurgery,912ac359-026e-4257-8477-0bf4aff69b23,,"A very senior neurologist and former Professor & Head of Neurology at AIIMS, New Delhi. At AIIMS she developed a comprehensive movement-disorders program with botulinum toxin therapy and deep brain stimulation for Parkinson's disease and dystonia. A leading authority on movement disorders, epilepsy, stroke and neurodegenerative disease. Past President, Indian Academy of Neurology; Past President, Delhi Neurological Association; founding President, Movement Disorders Society of India; editorial board member of several national and international journals.",/images/specialists/dr-madhuri-behari.webp,true,2026-09-19 06:24:26.150142+00,Senior Neurology Consultant,,,false,"[""MBBS — Lady Hardinge Medical College, University of Delhi"",""MD (Medicine) — Lady Hardinge Medical College, University of Delhi"",""DM (Neurology) — All India Institute of Medical Sciences (AIIMS), New Delhi""]",,,"[""Professor & Head of Neurology, AIIMS, New Delhi"",""Sir Ganga Ram Hospital"",""Visiting professor at institutions in Europe, the US and Asia""]","[""Extensive research publications in neurology, especially movement disorders""]"
88a365b3-44b6-4ed8-a7bd-a6e0d418133a,Dr. S. Hukku,dr-s-hukku,Oncology Care,3347adc9-d8bc-4aa8-8233-20d8c99c901b,30,"A veteran radiation oncologist and pioneer of stereotactic radiosurgery/radiotherapy (SRS/SRT) in India (1996) and IMRT in North India (2002). Special interest in IGRT, head & neck cancer, brain tumours and breast cancer. President, Association of Radiation Oncologists of India (AROI) 2010–2012; member of the International Advisory Group, International Journal of Radiation Oncology Biology & Physics (ASTRO's ""Red Journal""); expert panel, International Atomic Energy Agency (IAEA), Vienna; member of ASTRO and ESTRO.",/images/specialists/dr-s-hukku.webp,true,2026-09-19 06:24:26.150142+00,"Director, Radiation Oncology",,,false,"[""MBBS — Dr. S.N. Medical College, Jodhpur (1978)"",""MD (Radiotherapy) — SGPGI, Lucknow / PGIMER, Chandigarh"",""Fellowships/training — Memorial Sloan Kettering (New York), New York Memorial Hospital of Queens, MD Anderson (Houston), Charité (Berlin), Nagoya University (Japan), Cookridge Hospital (Leeds, UK)"",""UICC ICRETT, British Council, Japan International Cooperation and Nargis Dutt fellowships""]","[""Dr. P.K. Haldar Oration (2013)"",""Recognised for pioneering SRS/SRT and IMRT in India/North India""]",,,
89535f26-8eef-4123-9ecf-2d3f7455efe2,Dr. Gourdas Choudhuri,dr-gourdas-choudhuri,Gastroenterology,ee6f3f0c-ee78-4a8f-8d4b-01005b2e0567,40,"Dr. Gourdas Choudhuri directs gastroenterology and hepatobiliary sciences at Fortis Memorial Research Institute, Gurugram, with more than 40 years in the field, 25 of them on the faculty of SGPGIMS, Lucknow. He completed his MBBS at JIPMER, Pondicherry, his MD in Medicine in 1982, and his DM in Gastroenterology at AIIMS, New Delhi, in 1984. He introduced endoscopic ultrasound and extracorporeal shockwave lithotripsy for bile duct stones to India, has more than 200 scientific publications, and is a past president of the Indian Society of Gastroenterology. He is a fellow of the American College of Gastroenterology and of the Royal College of Physicians of Ireland.",,false,2026-09-06 21:45:48.544128+00,"Chairman/Director & HOD, Gastroenterology & Hepatobiliary Sciences",Gastroenterology and Hepatobiliary Sciences,,false,"[""MBBS (JIPMER, Pondicherry)"",""MD Internal Medicine (AIIMS, New Delhi, 1982)"",""DM Gastroenterology (AIIMS, 1984)"",""FACG"",""FICP"",""FAMS"",""FRCPI""]","[""SA Nani Vadekar Oration (2014)"",""Netaji Oration, Association of Physicians of India (2013)"",""ENDOCON Lifetime Achievement Award (2005)"",""UP Ratan, Government of Uttar Pradesh (2002)"",""General Amir Chand Oration, NAMS (2008)""]",,,
8a397718-caac-457b-ad5d-0eff8f58636d,Dr. Bhushan Nariani,dr-bhushan-nariani,Orthopaedic Care,3347adc9-d8bc-4aa8-8233-20d8c99c901b,,"An orthopaedic and joint-replacement surgeon specialising in primary, complex and revision knee and hip replacement, robotic joint replacement, arthroscopy and trauma. Performs approximately 900 joint replacements per year. Member of the Indian Orthopaedics Association, the Indian Arthroplasty Association, the Delhi Orthopaedic Association, the Indian Arthroscopy Society, and North Zone IOA.",/images/specialists/dr-bhushan-nariani.webp,true,2026-09-19 06:24:26.150142+00,"Chairman, Orthopaedics & Joint Replacement",,,false,"[""MBBS — Allahabad University"",""MS (Orthopaedics) — Allahabad University"",""DePuy (Johnson & Johnson) Fellow in Arthroplasty (with Dr. P.S. Maini, Sir Ganga Ram Hospital)"",""Advanced course in Total Joint Replacement (Impaction Bone Grafting), Netherlands"",""Fellowship in Joint Replacement & Arthroscopy, Flinders University, Adelaide (and Liverpool Hospital & Fairfield Geriatric Hospital, Sydney)""]",,,"[""Chief of Joint Replacement, Indian Spinal Injuries Centre, Vasant Kunj""]",
8a528c87-a00d-4318-a162-f26dafa0b2ec,Dr. Vedant Kabra,dr-vedant-kabra,Oncology Care,ee6f3f0c-ee78-4a8f-8d4b-01005b2e0567,20,"Dr. Vedant Kabra leads surgical oncology at Fortis Memorial Research Institute, Gurgaon, and has performed more than 12,000 cancer operations, including robotic cancer surgery. He trained in surgical oncology at Tata Memorial Hospital, Mumbai, and the National Cancer Centre, Singapore. With his team he treats cancers of the breast, gastrointestinal tract, head and neck, gynaecological and genitourinary systems, skin, soft tissue, bone, lung and mediastinum, with an emphasis on organ conservation through sentinel node biopsy, breast conservation and oncoplasty, minimally invasive and robotic surgery, HIPEC and limb salvage. He has published numerous papers and three book chapters.",,false,2026-09-06 21:45:48.544128+00,"Principal Director, Surgical Oncology",Oncology Surgery,,false,"[""MBBS (Banaras Hindu University, 1996, University Gold Medal)"",""MS General Surgery (BHU, 1998)"",""DNB General Surgery (National Board, 1999)"",""MRCS (Royal College of Surgeons of Edinburgh, 2002)"",""Fellowship in Surgical Oncology, Tata Memorial Hospital"",""Clinical Fellowship, National Cancer Centre, Singapore""]","[""University Gold Medal, BHU (first in Final MBBS)"",""Best Undergraduate Student of Surgery in UP (1995–96)""]",,,
8dbc1481-0fba-4bd6-9dab-c9839f0291f4,Dr. D.K. Jhamb,dr-d-k-jhamb,Cardiac Care,68a3daff-b3cb-4f44-aa3b-f7509ec2c959,30,"Dr. D.K. Jhamb heads a cardiology unit at Artemis Hospital, Gurgaon, and has spent over thirty years in clinical and interventional cardiology. He has performed more than 25,000 angioplasties and 50,000 coronary angiograms. He completed his MBBS and MD at Maulana Azad Medical College, University of Delhi, and his DM in Cardiology at AIIMS, New Delhi. He held consultant posts at AIIMS, Escorts Heart Institute and the National Heart Institute, and went on to establish or lead the cardiology departments at Rockland Hospital, Paras Hospital and Sanar International Hospital.",,false,2026-09-06 21:45:48.544128+00,"Director & Chief, Cardiac Services",Interventional Cardiology,,false,"[""MBBS (Maulana Azad Medical College, New Delhi)"",""MD Medicine (Lady Hardinge Medical College, New Delhi)"",""DM Cardiology (AIIMS, New Delhi)""]","[""Felicitated by Translumina at the American Heart Association Scientific Session, Chicago, 2018""]",,"[""Consultant, All India Institute of Medical Sciences (AIIMS), New Delhi"",""Consultant, Escorts Heart Institute, New Delhi"",""Consultant, National Heart Institute, New Delhi"",""Founding member, Cardiac Department, Rockland Hospital"",""Founding member, Cardiac Department, Paras Hospital"",""Founding member, Cardiac Department, Sanar International Hospital""]",
9047aa2b-3746-4dec-a35e-538e25574178,Dr. Ankur Nanda,dr-ankur-nanda,Spine Surgery,92052dff-8d68-4dd8-84f2-6e9bf0eabd67,,"A senior spine surgeon with interests in back pain, degenerative spine, spinal deformity, spinal infections, spondylolisthesis, minimally invasive spine surgery, spinal tumours and trauma. Has performed 3,000+ surgeries. Involved in advanced techniques including robotics and O-arm navigation and in spinal-cord-injury cell-transplantation research.",/images/specialists/dr-ankur-nanda.webp,true,2026-09-19 06:24:26.150142+00,"Head, Spine Fellowship Program",,,false,"[""MS (Orthopaedics)"",""Fellowship in Minimally Invasive Spine Surgery — Barunsesang Hospital, Seoul, South Korea"",""Fellowship in Complex Cervical Spine Surgery — Hokkaido University / Sapporo Orthopaedic Hospital (under Dr. Kuniyoshi Abumi)"",""Fellowship in Paediatric Spinal Deformity — Queen's Medical Centre, Nottingham, UK""]",,,,"[""39+ publications, including on autologous bone marrow cell transplantation in acute spinal cord injury""]"
90d1e142-8ee5-4b70-9f75-f011d736ee32,Dr. Nityanand Tripathi,dr-nityanand-tripathi,Cardiac Care,66e22246-b162-4de3-92b9-90cb755ce28f,20,"Principal Director & HOD of Cardiology & Electrophysiology. Has performed 17,000+ angioplasties (coronary, peripheral, carotid), including complex coronary interventions (left-main, bifurcation, CTO, rotablation, IVUS/OCT/IVL), 1,000+ device implants (pacemakers, ICD, CRT-P/D, leadless Micra, LBBB pacing), and radiofrequency ablation (PSVT, VT, AF, atrial flutter, 300+ cases with 3D mapping), plus TAVR and aortic stent grafts. Member of the Cardiological Society of India and the Indian Medical Association.",/images/specialists/dr-nityanand-tripathi.webp,true,2026-09-19 06:24:26.150142+00,"Principal Director & HOD, Cardiology & Electrophysiology",,,false,"[""MBBS — Institute of Medical Sciences, Banaras Hindu University (BHU), Varanasi"",""MD (Medicine) — Institute of Medical Sciences, BHU, Varanasi"",""DM (Cardiology) — King George's Medical University (KGMU), Lucknow"",""FESC, FSCAI""]","[""Dr. N.N. Gupta Gold Medal for Best Paper (UPICON 1995)"",""UP Government Merit Scholarship (1983–1985)""]",,"[""Established cardiology departments at Max Super Speciality Hospital, Shalimar Bagh and other NCR hospitals""]",
97556dd1-1498-456d-982c-9f31d3fdead3,Dr. Subhash Jangid,dr-subhash-jangid,Orthopaedic Care,ee6f3f0c-ee78-4a8f-8d4b-01005b2e0567,22,"Dr. Subhash Jangid leads orthopaedics and joint reconstruction at Fortis Memorial Research Institute, Gurgaon, with more than 22 years in practice and over 20,000 procedures performed. He completed his MS and MCh in Orthopaedics at AIIMS, New Delhi. His work centres on knee, hip and shoulder surgery, particularly joint replacement, and he is among the country's more experienced arthroplasty surgeons. He was the first surgeon in India to introduce NAV3 computer navigation for knee replacement, having trained in the technique in Austria.",,false,2026-09-06 21:45:48.544128+00,"Senior Director & Unit Head, Fortis Bone & Joint Institute / Orthopaedics & Joint Reconstruction",Orthopaedics and Joint Replacement,,false,"[""MBBS (SP/Sardar Patel Medical College, Bikaner, 1999)"",""MS Orthopaedics (AIIMS, New Delhi, 2002)"",""DNB Orthopaedics (National Board, 2004)"",""MRCS (Royal College of Physicians and Surgeons, Glasgow, 2007)"",""MCh Orthopaedics""]",,,,
9a5ecf6b-9588-4ec3-9683-31d842045c98,Dr. Aashish Chaudhry,dr-aashish-chaudhry,Orthopaedic Care,fbd28ea2-0d7d-4532-8243-56a5ae2d16db,20,"Dr. Aashish Chaudhry is Managing Director of Aakash Healthcare and a practising orthopaedic and joint replacement surgeon at its Dwarka hospital, with over 20 years in the field and more than 18,000 operations performed. He graduated from Maulana Azad Medical College and took his postgraduate degree in orthopaedics at Lady Hardinge Medical College, and holds the MRCS from the Royal College of Physicians and Surgeons of Glasgow. His surgical practice centres on total and partial knee replacement and hip surgery, often using minimally invasive and robotic techniques. He co-chairs the ASSOCHAM National Council on Healthcare.",,false,2026-09-06 21:45:48.544128+00,"Managing Director & Chairman/Head, Orthopaedics & Joint Replacement",Orthopaedics and Joint Replacement,,false,"[""MBBS (Maulana Azad Medical College, New Delhi, 2001)"",""MS Orthopaedics (Lady Hardinge Medical College, New Delhi, 2004)"",""MRCS (Royal College of Surgeons, Glasgow, 2009)"",""MCh Orthopaedics"",""Diploma SICOT"",""Healthcare Management Certification, Indian School of Business""]","[""Gold Medal, Physiology, Delhi University"",""Gold Medal, Forensic Medicine, Delhi University"",""Honorary Doctorate in Literature, Chitkara University""]",,,
9b0ac7ca-3bd1-4391-b232-85cd3bbee0b8,Dr. Pradeep Kumar Jain,dr-pradeep-kumar-jain,Oncology Care,66e22246-b162-4de3-92b9-90cb755ce28f,33,"A GI surgeon, robotic and advanced laparoscopic surgeon, and GI-cancer specialist. Has performed 40,000+ open, laparoscopic and robotic GI & HPB surgeries; a national proctor for robotic & laparoscopic GI/HPB surgery and a pioneer of thoracoscopic/laparoscopic esophagectomy and laparoscopic Whipple's in North India. Chairman, GI Council (Pan-Fortis Group); official trainer for ETHICON (J&J) in colorectal & bariatric surgery; runs the CREST advanced-laparoscopic-colorectal training program.",/images/specialists/dr-pradeep-kumar-jain.webp,true,2026-09-19 06:24:26.150142+00,"Principal Director & HOD, Lap GI, GI Onco, Bariatric & MIS Surgery",,,false,"[""MBBS — Maulana Azad Medical College (MAMC), Delhi"",""MS (General Surgery) — MAMC & LNJP Hospital, Delhi"",""MCh (Gastroenterology & Hepatobiliary Pancreatic Surgery) — G.B. Pant Hospital, Delhi"",""Advanced laparoscopic colorectal surgery training — Seoul (South Korea), Japan, USA; da Vinci robotic surgery training; Visiting Professor, Asian Institute of Tele-Surgery, Taiwan""]","[""Indian Healthcare Excellence Award (2019)""]",,"[""Chief of GI Oncosurgery, Rajiv Gandhi Cancer Institute & Research Centre"",""Chief of GI Oncosurgery, Action Cancer Hospital"",""Maharaja Agrasen Hospital"",""Max Pitampura"",""Primus Hospital"",""Jaipur Golden Hospital"",""Mata Chanan Devi Hospital"",""Senior residency, G.B. Pant Hospital""]",
9b9da833-ca21-4a00-9401-3dbaa4886e57,Dr. Devavrat Arya,dr-devavrat-arya,Oncology Care,2afa15cc-809b-498c-981c-126d5bc494bb,,"A medical oncologist treating solid tumours (breast, lung, GI, genitourinary, gynaecological and head & neck cancers) with chemotherapy, targeted therapy and immunotherapy.",/images/specialists/dr-devavrat-arya.webp,true,2026-09-19 06:24:26.150142+00,"Senior Consultant, Medical Oncology",,,false,"[""MD (Medicine)"",""DM (Medical Oncology)""]",,,,
9ceabb32-1b70-4bf9-a785-634e257a7b06,Dr. Rajiv Parakh,dr-rajiv-parakh,Peripheral Vascular,8f90193f-a179-462f-9f6f-82e792b10848,40,"Dr. Rajiv Parakh chairs peripheral vascular and endovascular sciences at Medanta – The Medicity, Gurugram. He completed his vascular surgery training and a fellowship of the Royal College of Surgeons in the United Kingdom in 1986, and in 1990 established one of India's first independent departments of vascular surgery at a city hospital. His practice centres on carotid surgery and endovascular intervention, and he introduced endovascular aneurysm repair and carotid artery stenting to India. He is a founder member of the Vascular Society of India and of the Endovascular Intervention Society of India, and served as secretary of the International Society for Vascular Surgery in New York in 2007.",,false,2026-09-06 21:45:48.544128+00,"Chairman, Peripheral Vascular & Endovascular Sciences",Peripheral Vascular and Endovascular Sciences,,false,"[""MBBS (Maulana Azad Medical College / GB Pant Hospital, New Delhi, 1981)"",""MS General Surgery (MAMC, 1986)"",""FRCS (Royal College of Surgeons, UK, 1987)"",""Vascular surgery training, UK""]","[""Sushil Malik Oration, Indian Medical Association (2009)"",""Prof. Hari Vaishnava Oration, Delhi Medical Association (2008)""]",,"[""Started the first government-recognised teaching programme in vascular surgery in India""]",
9d770d16-dc98-4eb7-acf2-5c43fa6f138f,Dr. Kadam Nagpal,dr-kadam-nagpal,Neurosurgery,40bddee2-b8b4-4241-9ffd-dc5f004fd7c5,12,"A neurologist with interests in epilepsy, migraine, stroke, dementia, movement disorders, sleep disorders and botulinum-toxin therapy for movement/neurological disorders. State topper in both his MD and DM entrance exams. Member of the American Academy of Neurology, the International Headache Society, the Movement Disorder Society, and the Indian Academy of Neurology.",/images/specialists/dr-kadam-nagpal.webp,true,2026-09-19 06:24:26.150142+00,"HOD, Neurology",,,false,"[""MBBS — Himalayan Institute of Medical Sciences, Dehradun (2000–05)"",""MD (Internal Medicine) — Maharani Laxmi Bai Medical College, Jhansi (2006–09)"",""DM (Neurology) — Sawai Man Singh Medical College, Jaipur (2011–14)"",""FEBN (Fellowship of the European Neurology Board, 2019); FRCP (Edinburgh, 2020)""]",,,"[""Consultant Neurologist, Max Super Speciality Hospital, Saket"",""Consultant, St. Stephen's Hospital"",""Consultant, IHBAS, New Delhi""]","[""35+ publications in national and international neurology journals""]"
9df98024-47ef-4571-8b95-cee3beff711e,Dr. Krishna Subramony Iyer,dr-krishna-subramony-iyer,Cardiac Care,6933d205-be44-42d4-98bb-4bcb7dfee661,40,"Dr. Krishna Subramony Iyer has practised paediatric cardiac surgery for more than four decades and chairs paediatric and congenital heart surgery at Fortis Escorts Heart Institute, New Delhi. In 1995 he established northern India's first dedicated paediatric cardiac programme at what was then Escorts Heart Institute and Research Centre. He has operated on more than 14,000 children with congenital heart disease, from across India and from more than 15 other countries, and performed India's first successful rapid two-stage arterial switch and double-switch operations. He is a founder president of the Asia-Pacific Paediatric Cardiac Society and of the Society of Paediatric and Congenital Heart Surgeons, a past president of the Paediatric Cardiac Society of India, and has more than a hundred publications.",,false,2026-09-06 21:45:48.544128+00,"Executive Director & Chairman, Paediatric & Congenital Heart Surgery",Paediatric Cardiac Surgery,,false,"[""MBBS (AIIMS, New Delhi, 1978)"",""MS General Surgery (AIIMS, 1981)"",""MCh Cardiothoracic & Vascular Surgery (AIIMS, 1984)"",""Fellowship in Neonatal Cardiac Surgery, Royal Children's Hospital, Melbourne (1989)""]","[""Institute Gold Medal (Best Graduate at MBBS)"",""Hira Lal Gold Medal (Best Postgraduate in General Surgery)"",""Sorel Catherine Friemna Prize (Paediatrics)"",""Pfizer Postgraduate Medical Award"",""Doppler Award, Best Paper, Sixth International Symposium on Echocardiography in Cardiac Surgery, Washington DC, 1994"",""Paul Harris Fellow, Rotary International""]",,,"[""Author of several books on paediatric and neonatal cardiac surgery"",""100+ peer-reviewed publications""]"
a0a0b0bc-4c75-402d-9c43-8f4d844971df,Dr. Rahul Naithani,dr-rahul-naithani,Oncology Care,68a3daff-b3cb-4f44-aa3b-f7509ec2c959,,"A clinical hematologist and bone marrow transplant specialist. Has performed 650+ bone marrow transplants across leukemia, lymphoma, myeloma, aplastic anemia, thalassemia, sickle cell disease and other disorders; also involved in cellular therapies including CAR-T.",/images/specialists/dr-rahul-naithani.webp,true,2026-09-19 06:24:26.150142+00,"Chief, Hematology-Oncology & Bone Marrow Transplant",,,false,"[""MBBS — BRD Medical College, Gorakhpur (2001)"",""MD (Paediatrics) — Lady Hardinge Medical College, New Delhi (2004)"",""DM (Clinical Hematology) — AIIMS, New Delhi (2009)"",""Fellowship in Paediatric Hematology-Oncology / BMT training — University of Toronto (SickKids, Princess Margaret Hospital), Canada; St. Jude Children's Research Hospital, USA""]",,,"[""Established the Hematology & BMT program, Max Healthcare (2011)"",""Performed the first haploidentical transplant in Gurgaon, Artemis Hospitals"",""Director & HOD, Fortis Memorial Research Institute"",""Director & Head, Onco Care, Paras Health""]","[""120+ research publications; leadership roles in hematology societies""]"
a194809d-cb92-4e75-a379-e981f2da7b3c,Dr. Nidhi Rawal,dr-nidhi-rawal,Cardiac Care,68a3daff-b3cb-4f44-aa3b-f7509ec2c959,18,"Head/Chief of Paediatric Cardiology (at Artemis since 2010). Expertise in neonatal, paediatric and fetal echocardiography, adult congenital heart disease echo, transesophageal echo, and cath-lab interventions (ASD/VSD/PDA device closures, balloon valvuloplasty). Involved in DNB teaching. Life member, Pediatric Cardiac Society of India.",/images/specialists/dr-nidhi-rawal.webp,true,2026-09-19 06:24:26.150142+00,"Head, Paediatric Cardiology",,,false,"[""MBBS — King George's Medical College (KGMC), Lucknow (2000)"",""MD — G.S.V.M. Medical College, Kanpur (2004)"",""FNB (Paediatric Cardiology) — Madras Medical Mission, Chennai (2006)"",""Pool officership / three years' clinical paediatric cardiology, PGIMER, Chandigarh""]",,,,
a233cf09-a237-4b80-b0af-814b583c2512,Dr. Hamza Shaikh,dr-hamza-shaikh,Spine Surgery,40bddee2-b8b4-4241-9ffd-dc5f004fd7c5,15,"Dr. Hamza Shaikh is a spine surgeon at Manipal Hospital, Dwarka, with over 15 years of clinical experience. He holds an MBBS, a Diploma in Orthopaedics, a DNB in Orthopaedics and a Fellowship of the National Board in Spine Surgery, and trained for two years exclusively in spine surgery at Manipal Hospital, Bangalore. His practice covers disc prolapse, degenerative spine disease, spinal trauma and infection, and deformity correction for scoliosis and kyphosis in both children and older adults, using microscopic and endoscopic discectomy, posterior and transforaminal lumbar interbody fusion, artificial disc replacement and robotic keyhole techniques.",,false,2026-09-06 21:45:48.544128+00,"Consultant, Spine Surgery",Scoliosis Surgery and Spine Surgery,,false,"[""MBBS (M.M. Institute of Medical Sciences & Research, 2011)"",""Diploma in Orthopaedics (PGIMS, Rohtak, 2013)"",""DNB Orthopaedics (National Board, 2014)"",""FNB Spine Surgery (National Board, 2019)""]",,,,"[""Paper presentations at national conferences (KAOCON, BOSCON)""]"
a2ba56b9-d305-4683-8024-526f014e6a48,Dr. Tarun Grover,dr-tarun-grover,Peripheral Vascular,8f90193f-a179-462f-9f6f-82e792b10848,23,"Dr. Tarun Grover is Senior Director in the division of vascular and endovascular sciences at Medanta – The Medicity, Gurugram, with 23 years of experience. He has performed around 12,000 vascular, 7,500 endovascular and more than 8,000 endovenous laser ablation procedures, and carries out about 1,000 peripheral artery duplex scans a year. His interests are endovascular repair of abdominal aortic aneurysm, carotid angioplasty, and recanalisation of chronic iliac occlusion. He is president of the Asian Society for Vascular Surgery, the Indian councillor of the Asian Vascular Society, a fellow of the American College of Surgeons, and a recognised DNB teacher and thesis guide.",,false,2026-09-06 21:45:48.544128+00,"Senior Director/Associate Director, Peripheral Vascular & Endovascular Sciences",Peripheral Vascular and Endovascular Sciences,,false,"[""MBBS (G.R. Medical College, Gwalior, 1995)"",""DNB General Surgery (Sir Ganga Ram Hospital, 1998)"",""MNAMS (2000)"",""FNBE Peripheral Vascular & Endovascular Surgery (Sir Ganga Ram Hospital, 2003)"",""Vascular Fellowships — St. Mary's, London; Cologne, Germany; Adelaide, Australia""]","[""Fellow of the American College of Surgeons"",""Indian Councillor, Asian Vascular Society"",""Sir Ganga Ram Alumni Oration""]",,"[""First Fellow in Vascular & Endovascular Surgery accredited by the National Board of Examinations"",""Founded the Diabetic Foot Care Centre, Sir Ganga Ram Hospital""]",
a3bbf5e5-9a71-4f0c-bb81-c6707bd55c0d,Dr. Khushwant Popli,dr-khushwant-popli,Cardiac Care,fbd28ea2-0d7d-4532-8243-56a5ae2d16db,15,"A cardiothoracic and vascular surgeon specialising in adult and paediatric cardiac, vascular and thoracic surgery, including CABG, complex coronary surgery, valve procedures and aortic root enlargement. Has performed 1,000+ cardiac surgeries. Member of the Uttar Pradesh Medical Council and the Indian Medical Association.",/images/specialists/dr-khushwant-popli.webp,true,2026-09-19 06:24:26.150142+00,"Head, Cardiac Surgery (CTVS)",,,false,"[""MBBS — Government Medical College, Thiruvananthapuram, Kerala"",""MS (General Surgery) — MGM, Navi Mumbai, Maharashtra"",""MCh (Cardiothoracic & Vascular Surgery) — Amrita Institute of Medical Sciences, Kochi, Kerala"",""Fellowship in Robotic Cardiac Surgery — Atlanta, USA (under Dr. Francis Sutter)""]",,,"[""Cleared UPSC (Rank 2); joined Central Health Services at VMMC & Safdarjung Hospital, New Delhi"",""Associate Professor, VMMC & Safdarjung Hospital"",""Part of the centre's first heart transplant and first robotic-assisted cardiac surgery""]","[""Several publications to his name""]"
a588b5a6-6246-402a-80b6-8c1da35ad774,Dr. (Col) Anil Dhall,dr-anil-dhall,Cardiac Care,8386fca8-f521-426c-8c60-ceab64990200,,"A senior interventional cardiologist and retired Army colonel with a career spanning the Indian Armed Forces, United Nations, and leading government and corporate hospitals. Special interests include complex coronary interventions (chronic total occlusion, left main, bifurcation, rotational atherectomy), intracoronary imaging & physiology, acute MI interventions, peripheral interventions, carotid angioplasty, endovascular aortic aneurysm & dissection repair, structural heart interventions, advanced heart failure therapies, cardiac electrophysiology & pacing, and cardiac resynchronization therapy, with a strong interest in STEMI care pathways and prevention of heart disease. Fellow of the American College of Cardiology (FACC), the European Society of Cardiology (FESC), the Society for Cardiovascular Angiography and Interventions (FSCAI), and the Cardiological Society of India (FCSI).",/images/specialists/dr-anil-dhall.webp,true,2026-09-19 06:24:26.150142+00,"Director, Cardiology",,,false,"[""MBBS — Armed Forces Medical College (AFMC), Pune"",""MD (Medicine) — INHS Asvini, Mumbai"",""DM (Cardiology) — G.B. Pant Hospital, New Delhi""]","[""Sena Medal"",""Chief of Army Staff Commendation Card (2006); GOC-in-C (Southern Command) Commendation Card (2000); GOC-in-C (Northern Command) Commendation Card (1985)"",""Challenging Cases Award, TCT (2006); Best Case award at TCT Asia-Pacific 2004 (\""Closure of Giant Coronary Artery Fistula using a Vascular Plug\"")""]",,"[""25+ years serving the Indian Armed Forces"",""Venkateshwar Hospital, Dwarka"",""Janakpuri Super Speciality Hospital"",""Sarvodaya Hospital & Research Centre, Faridabad"",""Artemis Health Institute, Gurgaon"",""Max Heart & Vascular Institute, Saket"",""Army Hospital (Research & Referral) and AFMC Pune""]","[""Several publications and book chapters"",""Postdoctoral teacher and examiner in cardiology for various universities/boards; guided ICMR, AFMRC and other research"",""Organised the First National Course on Cardiac Pacing and Clinical Electrophysiology (2008) and directed coronary-intervention training courses""]"
a59ce448-3f5c-4524-b227-d475d26316c9,Dr. Atul Mishra,dr-atul-mishra,Orthopaedic Care,c61c7a6e-26e0-4c06-9f70-3cec469540e4,23,"Chairman of Orthopaedics & Joint Replacement, focused on hip, knee and shoulder surgery and robotic (Stryker Mako) joint replacement. Reported very high volumes — around 2,000+ knee replacements and 600 arthroscopies per year, and 20,000+ robotic knee replacements over his career, per his own site. Also runs his own Arthroplasty & Sports Injury Centre (ASIC), Preet Vihar, Delhi.",/images/specialists/dr-atul-mishra.webp,true,2026-09-19 06:24:26.150142+00,"Chairman, Orthopaedics & Joint Replacement",,,false,"[""MBBS, MS (Orthopaedics)"",""Advanced training in knee/hip and arthroscopic surgery; certified on the Stryker Mako robotic system""]","[""\""Best Knee Replacement Surgeon\"" recognition by Times Network (Times Now)""]",,,
a5f8d4ed-93d3-4d0c-8170-202d125830ef,Dr. Ramkinkar Jha,dr-ramkinkar-jha,Orthopaedic Care,3a727ef0-99d0-431a-a3d7-404996e0938d,20,"A senior orthopaedic and joint replacement surgeon serving as Director/Head, Department of Orthopaedics. Expertise in robotic knee and hip replacement, primary and revision joint replacement, sports medicine, complex trauma reconstruction (pelvic/acetabular fractures), limb salvage, and orthopaedic oncology. Member of the Royal College of Surgeons (Glasgow & Edinburgh), the Delhi Orthopaedic Association, the Indian Orthopaedic Association, the Indian Foot and Ankle Society, and the American College of Surgeons, among others.",/images/specialists/dr-ramkinkar-jha.webp,true,2026-09-19 06:24:26.150142+00,"Chief/Head, Orthopaedics",,,false,"[""MBBS — Jawaharlal Nehru Medical College, Bhagalpur (Gold Medallist / Best Outgoing Graduate)"",""MS (Orthopaedics) — AIIMS, New Delhi"",""MRCS — Royal College of Surgeons (Glasgow); also associated with the Royal College of Surgeons of Edinburgh"",""Diploma in Sports Medicine; fellowships in Joint Replacement and Spine Surgery; MCh-level training linked to University of Edinburgh, UK"",""MBA (Hospital & Healthcare Management) — BITS, Pilani; executive leadership program, Cornell University""]","[""Gold Medal / Best Outgoing Graduate (MBBS, 1996 batch)""]",,"[""Chief/Unit Head, Orthopaedics, Artemis Hospitals"",""Associate Director & Senior Consultant, Medanta (Institute of Musculoskeletal Disorders & Orthopaedics)"",""International training exposure in Australia, Thailand, Hong Kong"",""Institutional training at Ganga Hospital (Coimbatore), CMC Vellore and Bombay Hospital""]","[""Contributions to orthopaedic journals and academic textbooks""]"
a681635e-f945-4625-ab46-65b77d804bd7,Dr. Giriraj Bora,dr-giriraj-bora,Liver Transplant,68a3daff-b3cb-4f44-aa3b-f7509ec2c959,18,"Dr. Giriraj Bora is joint director of liver transplantation and a senior consultant in gastrointestinal surgery at Artemis Hospital, Gurgaon, with over 18 years of surgical experience and more than 2,000 liver transplants performed from living and deceased donors. He completed his MBBS and MS at the University of Rajasthan, his MCh at G.B. Pant Hospital, Delhi, and a fellowship in liver transplantation at Indraprastha Apollo Hospital. He performed Rajasthan's first liver transplant, and under his direction Artemis became the first programme in India to perform both pure laparoscopic and pure robotic donor liver procedures. His practice also covers liver transplantation for liver cancer and portal vein reconstruction in Whipple's operation for pancreatic cancer.",,false,2026-09-06 21:45:48.544128+00,"Chief, Liver Transplant & Senior Consultant, GI & HPB Surgery",Liver Transplant and Hepatobiliary Sciences,,false,"[""MBBS (JLN Medical College, Ajmer / University of Rajasthan, 2000)"",""MS General Surgery (JLN Medical College, Ajmer, 2003)"",""MCh Surgical Gastroenterology/GI Surgery (G.B. Pant Hospital, Maulana Azad Medical College, Delhi, 2008)"",""Fellowship in Liver Transplantation, Indraprastha Apollo Hospital, Delhi (2011)"",""Senior Residency in GI Surgery, SGPGIMS, Lucknow""]","[""Felicitated by the Chief Minister of Rajasthan for performing the first liver transplant in the state""]",,"[""Began transplant career, Centre for Liver & Biliary Sciences (CLBS), 2011""]",
a75c051c-2c01-4c70-9b9c-76e982ee0e1e,Dr. Sachin Kandhari,dr-sachin-kandhari,Neurosurgery,d386c166-929d-48a2-a954-92c4745633d2,16,"A pioneering neurosurgeon focused on spinal cord injury, neuromodulation, minimally invasive spine surgery and functional neurosurgery. Introduced Cyberdyne HAL (Hybrid Assistive Limb) robotic therapy to South Asia (2020) and started one of the country's largest epidural stimulation programs for paralysis (2017); collaborated with UCLA on spinal cord injury. Founder and a founding clinical lead of IBS Hospital.",/images/specialists/dr-sachin-kandhari.webp,true,2026-09-19 06:24:26.150142+00,Director & Senior Neurosurgeon (a founding clinical lead of IBS),,,false,"[""DNB (Neurosurgery) — Sir H.N. Foundation Hospital & Research Centre, Mumbai"",""Training in endoscopic spine/brain-stimulation surgeries (Sir H.N., Mumbai) and functional/stereotactic/gamma-knife/interventional neuroradiology (VIMHANS, New Delhi)""]","[""IMA National President's Appreciation Award for Contribution in Neurosurgery (2019)"",""Neurotrauma Society of India Distinguished Academic Contribution (2019)"",""Recognitions from Saudi Arabia (2015) and Oman (2014)"",""Bharat Shiromani Award (2019)""]",,"[""Consultant, Indian Spinal Injuries Centre"",""Consultant, Sunflag Hospital, Faridabad"",""Consultant, Sharda Medical College & Hospital, Noida"",""Visiting consultant/medical advisor for neuromodulation internationally (Bangkok, Tashkent, Dushanbe)""]","[""Multiple publications, including on epidural stimulation and spinal cord injury""]"
a7d0f686-163f-4c5e-8182-b01dcf2d85b8,Dr. Simmi Manocha,dr-simmi-manocha,Cardiac Care,55fba62f-7bd1-4396-94ff-57a1d09f07e3,,"A cardiologist leading non-invasive cardiology, with a special interest in 2D/3D echocardiography, transesophageal echo, vascular Dopplers, diagnostic angiography and device implantation. Member of the Cardiological Society of India, the Indian Academy of Echocardiography, and the American Society of Echocardiography.",/images/specialists/dr-simmi-manocha.webp,true,2026-09-19 06:24:26.150142+00,"Associate Director & HOD, Non-Invasive Cardiology",,,false,"[""MBBS"",""MD (Medicine) — Dayanand Medical College & Hospital, Ludhiana (1998)"",""DM (Cardiology) — LPS Institute of Cardiology, Kanpur (2003)""]","[""Gold Medals during MBBS and MD (Medicine) for topping the university""]",,"[""Attending Cardiologist, Escorts Heart Institute & Research Centre, New Delhi"",""Consultant, Fortis Escorts Hospital, Faridabad"",""Consultant, Indraprastha Apollo Hospital, New Delhi"",""Chief of Non-Invasive Cardiology, QRG Central Hospital, Faridabad""]","[""Authored several papers and book chapters, including chapters for the IMA Cardiology course and a module on echocardiography for an IGNOU community cardiology diploma"",""Co-authored peer-reviewed publications""]"
a811e1d2-bf58-4ea8-941f-54c8920a2cb2,Dr. Atul Kumar Mittal,dr-atul-kumar-mittal,ENT Care,ee6f3f0c-ee78-4a8f-8d4b-01005b2e0567,33,"Dr. Atul Kumar Mittal leads ENT at Fortis Memorial Research Institute, Gurugram, with more than 33 years of experience in advanced ear, nose and throat care, performing over 800 operations a year. He completed his MBBS at University College of Medical Sciences, Delhi, and his MS in Otorhinolaryngology at Safdarjung Hospital, New Delhi. His practice covers minimal-access endoscopic sinus and skull base surgery, balloon sinuplasty, sleep surgery, cochlear implantation, and thyroid and laryngeal surgery, along with endoscopic adenoidectomy and immunotherapy for allergic respiratory disease.",,false,2026-09-06 21:45:48.544128+00,"Principal Director & HOD, ENT",ENT - Head and Neck Surgery,,false,"[""MBBS (University College of Medical Sciences, University of Delhi)"",""MS Otorhinolaryngology (Safdarjung Hospital / University of Delhi)""]",,,,
a874656c-f958-4d7c-abd9-d69caa88cb1d,Dr. Anusheel Munshi,dr-anusheel-munshi,Oncology Care,40bddee2-b8b4-4241-9ffd-dc5f004fd7c5,22,"A radiation oncologist and gold medallist with expertise in high-precision radiotherapy (IMRT, IGRT, stereotactic/SRS, 4D treatments, brachytherapy). Clinical focus on head & neck, brain, breast, lung, GI, prostate and gynaecological cancers. Lead editor of the 2025 Springer textbook Radiation Oncology – Principles, Precepts and Practice.",/images/specialists/dr-anusheel-munshi.webp,true,2026-09-19 06:24:26.150142+00,"HOD, Radiation Oncology",,,false,"[""MBBS — Government Medical College, Jammu (1995)"",""MD (Radiotherapy) — PGIMER, Chandigarh (2000); DNB; MNAMS"",""Advanced training in proton therapy — MD Anderson Cancer Center, Texas, USA""]","[""ASCO International Grant (2004, one of 20 selected internationally)"",""Dr. Satya Pal Agarwal Gold Medal (topping DNB Radiation Oncology)"",""Silver Medal in MD (Radiotherapy)""]",,"[""Associate Professor, Tata Memorial Hospital, Mumbai"",""Director, Radiation Oncology, Fortis Memorial Research Institute, Gurgaon"",""Director, Radiation Oncology, Fortis Hospital, Noida""]","[""70+ research papers; editorial board memberships""]"
aa8fc6d7-723a-4943-96f9-f47e7534a7ec,Dr. Sandeep Vaishya,dr-sandeep-vaishya,Neurosurgery,ee6f3f0c-ee78-4a8f-8d4b-01005b2e0567,30,"Dr. Sandeep Vaishya heads neurosurgery at Fortis Memorial Research Institute, Gurgaon, with more than 30 years of experience. He completed his MBBS and MS in General Surgery at G.R. Medical College, Gwalior, and his MCh in Neurosurgery at AIIMS, New Delhi, in 1996, followed by the Sundt Fellowship in Neurosurgery at the Mayo Clinic. His practice covers minimally invasive and image-guided neurosurgery, intracranial and skull base tumour surgery, functional neurosurgery, spinal surgery and peripheral nerve surgery. He is among the world's leading surgeons for brachial plexus injury and among South Asia's most experienced in Gamma Knife radiosurgery, and is an awardee of the Herbert Krause Medal.",,false,2026-09-06 21:45:48.544128+00,"Executive Director & Head, Neurosurgery",Neuro and Spine Surgery,,false,"[""MBBS (G.R. Medical College, Gwalior)"",""MS General Surgery (G.R. Medical College, Gwalior)"",""MCh Neurosurgery (AIIMS, New Delhi)"",""Sundt Fellowship in Neurosurgery, Mayo Clinic, USA""]","[""Gold Medal in MBBS"",""Herbert Krause Medal, Neurological Society of India (2001)"",""Dr. Majeed Memorial Oration, Karachi (2008)"",""Life Membership Award, Mayo Alumni Association""]",,"[""Head, Neurosurgery, Max Super Speciality Hospital, Saket"",""Additional Professor, AIIMS, New Delhi""]",
ad229dc9-3504-468e-be29-27cbb7971921,Dr. (Prof.) Narendra Nath Khanna,dr-prof-narendra-nath-khanna,Cardiac Care,8e7ced60-3dc8-4b24-9859-aad5732874fd,25,"Dr. Narendra Nath Khanna is a distinguished cardiologist based in South Delhi, with 25 years of experience in the field. He holds an MD and DM, along with fellowships including FACC (USA), FSCAI (USA), FCCP (USA), FESC, FAPSIC, FIMSA, FEISI, and FICC, specialising in cardiology, interventional cardiology, and peripheral vascular and endovascular intervention. He is part of the Apollo Hospitals network, and fluent in both English and Hindi. His commitment to excellence is reflected in awards including the Dr. Andreas Gruentzig Award, the Mother Teresa Excellence Award, and the Rajeev Gandhi Excellence Award, alongside oration honours such as the Dr. K.S. Shadaksharappa Presidential Oration and the Sushila Bala Kundu Memorial Oration.",,false,2026-09-06 21:45:48.544128+00,,Cardiac Surgery,,false,"[""MD"",""DM"",""MNAMS"",""FACC (USA)"",""FSCAI (USA)"",""FCCP (USA)"",""FESC"",""FAPSIC"",""FIMSA"",""FEISI"",""FICC""]","[""Best Case Award, Transcatheter Cardiovascular Therapeutics, San Francisco, USA, 2011"",""Best Citizens of India, International Publishing House, 2011"",""International Gold Star Award, India International Friendship Society, 2011"",""Best Case Award, Transcatheter Cardiovascular Therapeutics, Washington DC, USA, 2010"",""Best Case Award, Transcatheter Cardiovascular Therapeutics, Washington DC, USA, 2008"",""Purshottam Singh Oration, Indian Medical Association, 2004"",""Best Case Award, Transcatheter Cardiovascular Therapeutics, Washington DC, USA, 2004"",""Rajeev Gandhi Excellence Award"",""Dr. Santokh Singh Memorial Oration, Association of Surgeons of India"",""Glory of India Award"",""Best Doctor of the City Award, Dainik Jagran"",""Appreciation Certificate, Board of Apprenticeship Training, Ministry of Human Resource Development, Govt. of India"",""Special Achievement Award for service to society and the country, All India Khattri Mahasabha"",""R.K. Jalota Oration, Indian Medical Association""]",,"[""Consultant Interventional Cardiologist, Escorts Heart Institute, New Delhi, India"",""Chief Consultant & Head, Escorts Heart Centre, Kanpur, India"",""Interventional Cardiology Fellow at Ochsner Medical Foundation, New Orleans, LA, USA, under Drs Stephen Ramee and Christopher J. White"",""Fellow in Global Endovascular Interventions at Poly Clinique des Essey, Nancy, France, with Dr Michel Henry and Max Amor""]","[""Angioplasty & Stenting for Coarctation of Aorta in Adults. American Journal of Cardiology, October 2000, 63."",""Revascularization of Thrombosed Previously Stented Aorto Renal Graft Using Combined Directional Atherectomy and Angiojet Thrombectomy. Catheterisation and Cardiovascular Diagnosis, Vol 46, No 1, Jan 1999, 85-88."",""A New Method Of Closing Pseudoaneurysm Of Femoral Artery. American Journal of Cardiology, Oct 1998, Vol 82(7A), 108."",""A New Technique Of Percutaneous Closure Of Pseudoaneurysms Of Femoral Artery. Journal Of American College Of Cardiology, 1999; 33;16A."",""Angioplasty and Stenting Of Extracranial Carotid Arteries. Journal Of Endovascular Surgery, 1998;5:293-304.""]"
ad47b086-0672-4ffd-950f-13cc75224e02,Dr. Anup Gulati,dr-anup-gulati,Urology Care,2fa916fb-2d90-4f8c-b2bc-b5b22e84b1cb,21,"Director of Urology, Andrology & Renal Transplant. Has performed 15,000+ urological surgeries with approximately 95% kidney-transplant success. Expertise in laser and endourology, minimally invasive/laparoscopic urology, paediatric and female urology, reconstructive urology, andrology/men's health, and kidney transplantation.",/images/specialists/dr-anup-gulati.webp,true,2026-09-19 06:24:26.150142+00,"Director, Urology, Andrology & Renal Transplant",,,false,"[""MBBS — RNT Medical College, Udaipur (2000)"",""MS (General Surgery) — Dr. S.N. Medical College, Jodhpur (2004)"",""DNB (Urology) — Jaslok Hospital & Research Centre, Mumbai (2009)"",""Fellowship in Minimally Invasive Urology — Medanta the Medicity, Gurugram (2010)""]",,,"[""Indraprastha Apollo Hospital"",""Jaslok Hospital"",""Medanta Kidney & Urology Institute"",""Metro Heart Institute""]",
adff1a03-2b77-4630-a99e-f17241924bd7,Dr. Deepak Chaudhary,dr-deepak-chaudhary,Orthopaedic Care,3347adc9-d8bc-4aa8-8233-20d8c99c901b,,"A leading sports-injury and arthroscopy specialist who was the driving force behind the Sports Injury Centre at Safdarjung Hospital, a first-of-its-kind PPP-model centre. Has performed approximately 1,100 arthroplasty surgeries and overseen approximately 12,000 arthroscopic knee/shoulder surgeries. Member of ISAKOS (International Society of Arthroscopy, Knee Surgery & Orthopaedic Sports Medicine), the Indian Orthopaedics Association, the Delhi Orthopaedics Association, North Zone Orthopaedics Association, the Indian Arthroscopy Society, and the Indian Arthroplasty Association.",/images/specialists/dr-deepak-chaudhary.webp,true,2026-09-19 06:24:26.150142+00,"Senior Director, Arthroscopy & Sports Medicine",,,false,"[""MBBS, MS (Orthopaedics)"",""Arthrex cadaveric arthroscopy workshop training (Munich, Germany), among other training""]",,,"[""Director & Consultant, Sports Injury Centre, Safdarjung Hospital, New Delhi""]",
ae2c6eea-7e50-46fb-a65a-f398207c1d33,Dr. Atul Prasad,dr-atul-prasad,Neurosurgery,3347adc9-d8bc-4aa8-8233-20d8c99c901b,38,"Principal Director/Chairman & HOD of Neurology. Special interest in movement disorders (Parkinson's disease), acute stroke, epilepsy, and interventional neurology; also insomnia, migraine and sleep disorders.",/images/specialists/dr-atul-prasad.webp,true,2026-09-19 06:24:26.150142+00,"Director & HOD, Neurology",,,false,"[""MBBS — University of Bombay/Mumbai (1985)"",""DM (Neurology) — Bangalore University (1990/1992)""]",,,"[""Associate Professor & Head of Neurology, Institute of Human Behaviour & Allied Sciences (IHBAS), Delhi"",""Associate Professor of Medicine & Consultant Neurologist, Universiti Sains Malaysia"",""Senior Consultant & Head of Neurology, Fortis Escorts / Fortis, New Delhi/Noida"",""Artemis Hospital"",""Residency, Ramakrishna Mission Seva Pratishthan & VIMS, Calcutta""]","[""Numerous publications in international journals (e.g., Acta Neurologica Scandinavica, NIMHANS Journal, JAPI) and approximately 17–20 book chapters""]"
ae630d2d-f523-4427-afdf-315d3869f54d,Dr. Sanjeev Malhotra,dr-sanjeev-malhotra,Cardiac Care,997ca37d-da74-465c-b6cf-b5645905dc73,20,"Dr. Sanjeev Malhotra is a cardiothoracic and vascular surgeon at Max Super Speciality Hospital, Saket, and has practised the specialty since completing his DNB in cardiothoracic surgery at Escorts Heart Institute and Research Centre in 2005. He completed his MBBS at Lokmanya Tilak Municipal Medical College, Mumbai, and his MS in General Surgery at Dr. S.N. Medical College, Jodhpur. He has performed more than 2,000 cardiac procedures, including arterial bypass grafting and valve repair, and established the mitral valve repair programme at the hospital. He also served as Director of the Delhi Heart and Lung Institute.",,false,2026-09-06 21:45:48.544128+00,Senior Cardiothoracic Surgeon,Cardiac Surgery,,false,"[""MBBS (Lokmanya Tilak Municipal Medical College, Sion, Mumbai, 1994)"",""MS General Surgery (Dr. S.N. Medical College, Jodhpur, 1999)"",""DNB Cardiothoracic & Vascular Surgery (Escorts Heart Institute, New Delhi, 2005)""]",,,,
ae7f2ec2-b328-4879-9b7d-3f221721d31f,Dr. Sameer Kaul,dr-sameer-kaul,Oncology Care,68a3daff-b3cb-4f44-aa3b-f7509ec2c959,31,"A surgical and clinical oncologist with a focus on breast, endocrine and soft-tissue cancers. Senior Consultant, Surgical & Clinical Oncology, Apollo Cancer Institute, New Delhi (since 1997); also Director, Surgical Oncology, Centenary Cancer Centre. Founder & President, Breast Cancer Patients Benefit Foundation (BCPBF); national spokesperson on anti-tobacco and breast cancer awareness; co-founder of ""Onkaulogy Kombine.""",/images/specialists/dr-sameer-kaul.webp,true,2026-09-19 06:24:26.150142+00,"Senior Consultant, Surgical Oncology",,,false,"[""MBBS — Government Medical College, Srinagar (1978)"",""MS (Surgical Oncology) — via Tata Memorial Hospital, Mumbai"",""Fellowship (London) — Royal Marsden Cancer Hospital; A.E.P. Fellowship, Commonwealth Secretariat, London""]","[""National Merit Scholarship"",""A.E.P. Fellowship (Commonwealth Secretariat, London)"",""Merit certificates in general surgery""]",,"[""Batra Hospital & Medical Research Centre"",""Surgical training at Nanavati, Jaslok, KEM and Breach Candy Hospitals, Mumbai""]",
af25ca20-4063-4af1-bc22-0fa1b2969373,Dr. Subrat Akhoury,dr-subrat-akhoury,Cardiac Care,55fba62f-7bd1-4396-94ff-57a1d09f07e3,20,"An interventional cardiologist specialising in invasive/interventional cardiology — coronary angiography and complex angioplasty, peripheral (renal, carotid, limb) angiography/angioplasty, balloon valvuloplasty, and device implantation (pacemaker, AICD, CRT-D). Has performed 10,000+ cardiac interventions independently. Member of the American College of Cardiology; Life Member, Cardiological Society of India; Fellow, Society of Cardiovascular Angiography and Interventions (FSCAI, USA).",/images/specialists/dr-subrat-akhoury.webp,true,2026-09-19 06:24:26.150142+00,"Director & Head, Cath Lab & Interventional Cardiology",,,false,"[""MBBS — S.K. Medical College, Muzaffarpur, Bihar (1993)"",""MD (Medicine) — G.R. Medical College, Gwalior (2000)"",""DM (Cardiology) — G.S.V.M. Medical College, Kanpur (2007)""]",,,"[""Senior Resident, VMMC & Safdarjung Hospital, New Delhi"",""Junior Consultant, Apollo Hospital, New Delhi"",""Consultant, QRG Central Hospital, Faridabad""]","[""Has chaired sessions and presented at national and international conferences""]"
af922fc9-fc9a-4ab7-a197-b0ae3a3e9cc0,Dr. Atul Mathur,dr-atul-mathur,Cardiac Care,6933d205-be44-42d4-98bb-4bcb7dfee661,34,"Dr. Atul Mathur has more than 34 years in interventional cardiology and leads the discipline and the catheterisation laboratory at Fortis Escorts Heart Institute, New Delhi. He performed the first carotid stenting in India and holds a United States patent for a carotid stenting device. His practice covers complex coronary intervention, carotid stenting, aortic stent grafting, peripheral and venous intervention, IVC filter placement, and structural heart procedures including balloon valvotomy, closure of acquired ventricular septal defects and left atrial appendage closure. He has performed more than 10,000 angiograms and 3,500 coronary interventions.",,false,2026-09-06 21:45:48.544128+00,"Executive Director, Interventional Cardiology & Chief of Cath Lab",Cardiac Surgery,,false,"[""MBBS (SMS Medical College, University of Rajasthan, Jaipur, 1983/84)"",""MD General Medicine (SMS Medical College, 1987)"",""DM Cardiology (AIIMS, New Delhi, 1991)"",""Fellowship in Interventional Cardiology, Royal Perth Hospital, Australia"",""Fellowship in Interventional Cardiology, CHU de Rouen, France""]","[""First Indian doctor to receive a US patent for a medical device (carotid artery stenting, 1999)""]",,,
b42c0e8c-37e5-4c2c-b111-a6782062200b,Dr. Jayant Arora,dr-jayant-arora,Orthopaedic Care,ee6f3f0c-ee78-4a8f-8d4b-01005b2e0567,24,"Dr. Jayant Arora leads a joint replacement and orthopaedics unit at Fortis Memorial Research Institute, Gurgaon, with more than 24 years of experience and over 15,000 procedures performed. He holds an MBBS and a DNB in Orthopaedics, and completed a fellowship in joint replacement and arthroscopy in the United Kingdom along with the Certificate of Completion of Basic Surgical Training from the Royal College of Surgeons. His practice covers joint replacement, sports injury and trauma care, and he is known for his work in computer-navigated and robot-assisted knee and hip replacement.",,false,2026-09-06 21:45:48.544128+00,"Senior Director & Unit Head, Orthopaedics & Joint Replacement",Orthopaedics and Joint Replacement,,false,"[""MBBS (Maulana Azad Medical College / University of Delhi, 1996)"",""MS Orthopaedics (Safdarjung Hospital)"",""DNB Orthopaedics (National Board, 2001)"",""MRCS (Royal College of Surgeons of Edinburgh)"",""CCBST (Royal College of Surgeons, UK)"",""MSc Orthopaedics (Wrightington Hospital, University of Central Lancashire, UK)""]",,,"[""Established orthopaedic department, Columbia Asia (now Manipal) Hospital, Gurgaon (2008)""]","[""Author, book on the pathophysiology of compartment syndrome""]"
b44b5d4f-41e2-428f-b526-07556df48b23,Dr. Bipin Kumar Dubey,dr-bipin-kumar-dubey,Cardiac Care,40bddee2-b8b4-4241-9ffd-dc5f004fd7c5,35,"A senior interventional cardiologist. Expertise in angioplasty and complex coronary intervention, balloon mitral valvotomy, paediatric cardiac interventions and ICD implantation. Investigator in international trials (IMPROVE-IT, SIGNIFY, EARLY-ACS). Member of the Delhi Medical Council and the Indian College of Cardiology.",/images/specialists/dr-bipin-kumar-dubey.webp,true,2026-09-19 06:24:26.150142+00,"HOD, Cardiac Sciences",,,false,"[""MBBS (1984/85) — Patna Medical College"",""MD (Medicine) (1991) — Patna Medical College"",""DM (Cardiology) (1997/99) — G.S.V.M. Medical College / Kanpur University"",""Interventional cardiology training in France; ICMR Senior Research Fellowship""]",,,"[""Director of Cardiology, Venkateshwar Hospital"",""Rockland Group of Hospitals"",""Senior Consultant & Unit Head, Delhi Heart & Lung Institute""]",
b4973382-3425-467f-ac15-30a7bcfa0099,Dr. Rayaz Ahmed,dr-rayaz-ahmed,Oncology Care,2afa15cc-809b-498c-981c-126d5bc494bb,,"A clinical haematologist and bone-marrow-transplant physician treating blood cancers (AML, acute leukemias, lymphomas, myeloma), aplastic anaemia and related disorders, and performing stem-cell transplantation.",/images/specialists/dr-rayaz-ahmed.webp,true,2026-09-19 06:24:26.150142+00,"Senior Consultant, Haematology-Oncology & BMT",,,false,"[""MBBS"",""MD (Pathology)"",""DM (Clinical Haematology) — The Tamil Nadu Dr. M.G.R. Medical University (2010); training linked to Christian Medical College (CMC), Vellore""]",,,,"[""Active in haematology public-health discussions and academic forums""]"
b81974f4-107b-490e-b829-d8bcf16b32b8,Dr. Sanjeev Gera,dr-sanjeev-gera,Cardiac Care,c61c7a6e-26e0-4c06-9f70-3cec469540e4,22,"Dr. Sanjeev Gera has over 22 years in cardiology and heads the department at Fortis Hospital, Noida. He holds an MBBS, an MD in Medicine and a DNB in Cardiology. He has performed more than 20,000 interventional procedures, covering angioplasty including three-dimensional and imaging-guided techniques, rotational and orbital atherectomy, transcatheter aortic valve replacement, MitraClip, and the implantation of pacemakers, defibrillators and cardiac resynchronisation devices.",,false,2026-09-06 21:45:48.544128+00,"Director & HOD, Cardiology",Interventional Cardiology,,false,"[""MBBS"",""MD General Medicine"",""DNB Cardiology (Escorts Heart Centre, New Delhi)"",""FESC"",""MACC"",""CRT-D Fellowship"",""IVUS Imaging Fellowship"",""Medtronic TAVR Certification""]","[""Best Cardiologist Award, Ghaziabad (Primetime Research Media)"",""Best Employee Award, Escorts Heart Centre (2011)""]",,"[""Cardiology, Escorts Heart Institute"",""Cardiology, BLK-Max Super Speciality Hospital""]",
b8dce587-8269-4a85-b89a-01d7fcaa2b7a,Dr. (Prof.) Sanjay Tyagi,dr-prof-sanjay-tyagi,Cardiac Care,8e7ced60-3dc8-4b24-9859-aad5732874fd,40,"Dr. (Prof.) Sanjay Tyagi is a distinguished cardiologist with over 40 years of experience, currently Clinical Director of Cardiology at Apollo Hospitals Group (Northern Region) and Senior Consultant Cardiology at Indraprastha Apollo Hospitals. He holds an MD in Medicine and a DM in Cardiology, along with fellowships including FAMS, FESC, FRCP (Edinburgh), FICA (USA), and Fellow of the American College of Cardiology, and is a recipient of the Dr. B.C. Roy National Award. He treats a wide range of cardiac conditions — including irregular heartbeat, dilated cardiomyopathy, and acute aortic dissection — and is skilled in procedures such as angioplasty, cardiac rehabilitation, and ambulatory blood pressure monitoring.",,false,2026-09-06 21:45:48.544128+00,,Interventional Cardiology,,false,"[""MD (Medicine)"",""DM (Cardiology)"",""FAMS"",""FESC"",""FRCP (Edinburgh)"",""FICA (USA)"",""Fellow American College of Cardiology (USA)""]","[""Dr. B.C. Roy National Award, President of India, 2008"",""State Award for Outstanding Services, Government of NCT of Delhi"",""Best Challenging Case Award, Cardiovascular Research Foundation (USA)"",""Dr. S. Radhakrishnan Memorial National Teacher Award"",""Maulana Azad Medical College Golden Jubilee Award, Vice President of India"",""Exemplary Contribution Award, Indian Medical Association"",""G B Pant Distinguished Faculty Golden Jubilee Award (2015)"",""Legends in Cardiology Award, Times of India"",""Pioneers in Interventional Cardiology Award, Cardiological Society of India"",""Platinum Jubilee Distinguished Alumnus Award, Union Health Minister"",""Life Time Achievement Award, Cardiological Society of India, Delhi"",""Eminent Medical Teacher Award, Delhi Medical Association"",""Fellowship of the National Academy of Medical Sciences (India)"",""Fellowship of the European Society of Cardiology"",""Fellowship of the Society of Cardiovascular Interventions (USA)"",""Fellow of the International College of Angiology (USA)"",""Fellowship of the Royal College of Physicians (Edinburgh)"",""Fellowship of the American College of Cardiology"",""Secretary General, International College of Angiology""]",,"[""Clinical Director, Cardiology, Apollo Hospitals Group – Northern Region"",""Senior Consultant, Cardiology, Indraprastha Apollo Hospitals"",""Director General, Health Services, Government of India (2019)"",""Dean, Maulana Azad Medical College (2018–2019)"",""Medical Director, G B Pant IPGMER (2014–2018)"",""Director Professor of Cardiology, G B Pant IPGMER (2008 onwards)"",""Head of Cardiology Department, G B Pant IPGMER (2004 onwards)"",""Professor of Cardiology, G B Pant IPGMER (1995–2008)"",""Associate Professor of Cardiology, G B Pant IPGMER (1990–1995)"",""Assistant Professor of Cardiology, G B Pant IPGMER (1986–1990)""]","[""Intraoperative Cardiac Mapping of Preexcitation Syndrome and Ventricular Tachycardia. Journal of Electrophysiology 3:47-64, 1989."",""Balloon angioplasty of native coarctation of the aorta in adolescents and young adults. American Heart Journal 123:674-680, 1992."",""Percutaneous transluminal angioplasty in Takayasu's arteritis. Heart Vessels Suppl. 7:146-153, 1992."",""Balloon angioplasty of the aorta in Takayasu's arteritis: Initial and long-term results. American Heart Journal 124:876-882, 1992."",""Balloon angioplasty for renovascular hypertension in Takayasu's arteritis. American Heart Journal 125:1386-1393, 1993."",""Author of over 40 chapters in textbooks of Medicine & Cardiology; research cited in major cardiology and cardiovascular surgery textbooks.""]"
b9b991ac-1b20-45cb-ab89-177e81320fa9,Dr. Mukesh Patekar,dr-mukesh-patekar,Oncology Care,3347adc9-d8bc-4aa8-8233-20d8c99c901b,15,"Dr. Mukesh Patekar is a medical oncologist at BLK-Max Super Speciality Hospital, New Delhi, with around 15 years in medicine. He completed his MBBS at RCSM Government Medical College, Kolhapur, and both his MD in General Medicine and his DM in Medical Oncology at AIIMS, New Delhi. His practice spans breast and lung cancer, gastrointestinal and hepato-pancreato-biliary malignancies, gynaecological and genitourinary cancers, neuro-oncology and sarcoma, and haemato-oncology including lymphoma, leukaemia and stem cell transplantation, alongside precision therapy and pain and palliative care. He is a member of the American Society of Clinical Oncology and the European Society for Medical Oncology.",,false,2026-09-06 21:45:48.544128+00,"Associate Director, Medical Oncology",Medical Oncology,,false,"[""MBBS (RCSM Government Medical College, Kolhapur, Maharashtra University of Health Sciences)"",""MD Internal Medicine (AIIMS, New Delhi)"",""DM Medical Oncology (AIIMS, New Delhi)""]",,,,
bae5f3b5-9dab-48bb-afef-d350a041be3a,Dr. Rajeev Verma,dr-rajeev-verma,Orthopaedic Care,40bddee2-b8b4-4241-9ffd-dc5f004fd7c5,,"A joint-replacement and sports-injury surgeon; has performed 4,000+ successful knee and hip replacements. Expertise in knee/hip replacement, sports injuries, arthroscopy, and complex trauma/limb reconstruction, with minimally invasive and computer-assisted techniques. Life Member, Indian Orthopaedic Association; member of the British Trauma Society, the Delhi Orthopaedic Association, and the Association of Hip and Knee Surgeons of India.",/images/specialists/dr-rajeev-verma.webp,true,2026-09-19 06:24:26.150142+00,"HOD & Consultant, Orthopaedics & Joint Replacement",,,false,"[""MBBS — King George's Medical College, Lucknow University (1997)"",""MS (Orthopaedics) — Government Medical College, Patiala"",""MRCS (England); MSc (Health Science & Practice – Orthopaedics) — Wrightington Hospital / University of Central Lancashire, UK""]",,,,
bbed97eb-ddc0-463e-b054-b9238d9007a5,Dr. Vivek Dahiya,dr-vivek-dahiya,Orthopaedic Care,8f90193f-a179-462f-9f6f-82e792b10848,25,"Dr. Vivek Dahiya is a Senior Director of Orthopaedics at Medanta – The Medicity, Gurugram, and directs adult lower limb reconstruction, with over 25 years of experience. He holds a DNB in Orthopaedics. His practice centres on the knee, covering arthroscopy, meniscus surgery, cartilage preservation, ligament reconstruction, fracture management, and primary and revision total knee replacement including infected replacements. He is a member of the Indian Society of Hip and Knee Surgeons, the Indian Arthroscopy Society and the Delhi Orthopaedic Association.",,false,2026-09-06 21:45:48.544128+00,"Senior Director/Director, Institute of Musculoskeletal Disorders & Orthopaedics",Orthopaedics and Joint Replacement,,false,"[""MBBS"",""MD"",""D.Ortho"",""DNB Orthopaedics"",""MNAMS"",""FIJR""]",,,"[""Additional Director, Fortis Bone & Joint Institute (2016–2018)""]",
bc8cb2a2-00f3-4a53-94b6-32458afd161f,Dr. Bibhudendu Mohapatra,dr-bibhudendu-mohapatra,Spine Surgery,92052dff-8d68-4dd8-84f2-6e9bf0eabd67,,"A spine surgeon with expertise in degenerative spinal disorders, spinal pain management, osteoporotic spine fractures, and total lumbar disc replacement.",/images/specialists/dr-bibhudendu-mohapatra.webp,true,2026-09-19 06:24:26.150142+00,"Director, Spine Services",,,false,"[""MBBS & MS (Orthopaedics) — S.C.B. Medical College, Cuttack"",""Spine surgery / spinal cord injury training at Indian Spinal Injuries Centre; further fellowships (including Nanoori Hospital, Suwon, South Korea)""]","[""IGASS fellowship award (paper on early improvement after total lumbar disc replacement, ISIC, 2009)""]",,,
bca0a9db-33bd-4550-a1ef-13bb369a8477,Dr. Rishi Gupta,dr-rishi-gupta,Cardiac Care,55fba62f-7bd1-4396-94ff-57a1d09f07e3,25,"A senior interventional cardiologist serving as Chairman, Cardiology and Director, Clinical Services. Has performed 12,000+ interventional procedures, with a focus on complex coronary and structural heart interventions. Member of the National Academy of Medical Sciences, the American College of Cardiology, and the European Society of Cardiovascular Intervention.",/images/specialists/dr-rishi-gupta.webp,true,2026-09-19 06:24:26.150142+00,"Chairman, Cardiology (also Director, Clinical Services)",,,false,"[""MBBS"",""MD (Medicine) — King George's Medical College (KGMC), Lucknow"",""DM (Cardiology) — Sanjay Gandhi Postgraduate Institute (SGPGI), Lucknow"",""DNB (Cardiology) — National Board, New Delhi""]",,,"[""Senior Interventional Cardiologist, Metro Hospital, Faridabad"",""Senior Consultant, Cardiology, Fortis Escorts Hospital, Faridabad"",""Director of Clinical Services and Director of Cardiology, Asian Institute of Medical Sciences"",""Senior Resident, KGMC, Lucknow (earlier in career)""]",
be698baf-8a50-4a45-a96d-7a4363b30392,Dr. Shubham Garg,dr-shubham-garg,Oncology Care,c61c7a6e-26e0-4c06-9f70-3cec469540e4,7,"A surgical oncologist and robotic cancer surgeon managing head & neck, lung, esophageal, breast, gastrointestinal, gynaecological, and bone & soft-tissue malignancies. Expertise in minimal-access surgery (laparoscopic GI-cancer surgery, VATS for thoracic cancers), robotic surgery, cytoreductive surgery with HIPEC, breast oncoplasty, and HPB/colorectal surgery.",/images/specialists/dr-shubham-garg.webp,true,2026-09-19 06:24:26.150142+00,Surgical Oncology,,,false,"[""MBBS — Maulana Azad Medical College, University of Delhi"",""MS (General Surgery) — Lady Hardinge Medical College, University of Delhi"",""MCh (Surgical Oncology) — Tata Memorial Hospital, Mumbai (approximately 4 years of training); Senior Resident, Surgical Oncology, AIIMS, Delhi""]","[""Radio City Health Icon Award 2025 (Excellence in Surgical Oncology & Robotic Cancer Surgery)""]",,"[""Max Super Speciality Hospital, Delhi NCR"",""International observership, Severance Hospital, Yonsei University""]",
bf0503b6-1205-418c-98dc-470533dab39d,Dr. Mayank Madan,dr-mayank-madan,Oncology Care,3a727ef0-99d0-431a-a3d7-404996e0938d,19,"An advanced robotic, laparoscopic, GI and bariatric surgeon. Expertise in robotic GI and abdominal surgery, bariatric/metabolic surgery (sleeve gastrectomy, Roux-en-Y gastric bypass), complex and recurrent hernia repair, anti-reflux surgery (Nissen fundoplication), and laparoscopic colorectal and gynae-oncology procedures. Reported 15,000+ laparoscopic and 800+ bariatric procedures.",/images/specialists/dr-mayank-madan.webp,true,2026-09-19 06:24:26.150142+00,"Senior Consultant, GI & Bariatric Surgery",,,false,"[""MBBS (1999) — Pt. B.D. Sharma PGIMS, Rohtak"",""MS (General Surgery) (2004) — Pt. B.D. Sharma PGIMS, Rohtak"",""Diploma in Advanced Laparoscopic Surgery — GEM Institute, Coimbatore (under Dr. C. Palanivelu)"",""FNB (Minimal Access Surgery) — Global Hospital, Hyderabad; FIAGES"",""Da Vinci Robotic Surgical System training""]","[""Best Paper Award — Laparoscopic Single Port Sleeve Gastrectomy, 20th Annual Conference of the Indian Association of Surgical Gastroenterology (IASGCON 2010), Hyderabad""]",,"[""Registrar / Lecturer / Assistant Professor, PGIMS Rohtak"",""HOD, Department of Surgery, W Pratiksha Hospital, Gurgaon"",""Consultant, CK Birla Hospital"",""Earlier association with Artemis Hospital""]","[""Multiple papers and conference presentations in minimal access / bariatric surgery; publications in surgical journals""]"
c158ca76-dda4-41f7-a5f8-05641e70d6f9,Dr. Anil Mandhani,dr-anil-mandhani,Urology Care,ee6f3f0c-ee78-4a8f-8d4b-01005b2e0567,35,"Dr. Anil Mandhani is a urologist and uro-oncological surgeon leading kidney and urology services at Fortis Memorial Research Institute, Gurgaon. He has performed more than 1,000 kidney transplants and over 550 robotic operations, and is known for managing complex problems arising from surgery done elsewhere. He spent much of his career at SGPGIMS, Lucknow, where he helped train more than 100 MCh residents, and completed a clinical fellowship in robotic uro-oncology at New York-Presbyterian Hospital in 2006. His practice uses robotic and laparoscopic techniques for both donor and recipient surgery in kidney transplantation.",,false,2026-09-06 21:45:48.544128+00,"Chairman / Executive Director, Urology, Uro-Oncology, Robotics & Kidney Transplant",Urology and Kidney Transplant Surgery,,false,"[""MBBS (1990)"",""MS General Surgery (Pt. JNM Medical College, Ravi Shankar University, Raipur, 1993)"",""MCh Urology (SGPGIMS, Lucknow, 1998)"",""DNB Urology (1998)"",""Fellowship in Robotic Uro-Oncology, Brady Urology Center, Weill Cornell Medical College, New York (2006–07)""]","[""Best Reviewer, Journal of Urology (2017)""]",,,
c17967bc-8e2b-40a2-9de2-11b66d78251e,Prof. (Col.) Dr. Bipin Walia,dr-bipin-walia,Neurosurgery,2afa15cc-809b-498c-981c-126d5bc494bb,,"A senior neurosurgeon and spine surgeon. Expertise in brain aneurysm treatment, epilepsy surgery, complex spine surgery, dural AV fistula embolization and brain tumour surgery. A retired Colonel with an Armed Forces medical background.",/images/specialists/dr-bipin-walia.webp,true,2026-09-19 06:24:26.150142+00,"Vice Chairman & Head, Neurosurgery",,,false,"[""MBBS — Armed Forces Medical College (AFMC), Pune / University of Poona (1983)"",""MS (General Surgery) — AFMC, Pune / University of Poona (1989)"",""MCh (Neurosurgery) — AIIMS, New Delhi (1997)""]",,,,
c1d9820f-e1fb-48e6-9c12-d74edb4a46ac,Dr. Bhaba Nanda Das,dr-bhaba-nanda-das,Cardiac Care,8e7ced60-3dc8-4b24-9859-aad5732874fd,37,"Dr. Bhaba Nanda Das is a cardiothoracic and vascular surgeon at Indraprastha Apollo Hospitals, New Delhi, with over 37 years in practice and more than 20,000 heart operations to his credit. He was a senior consultant in the Department of Cardiothoracic and Vascular Surgery at AIIMS, New Delhi, from 1984 to 1996. His practice covers coronary artery disease, aortic and other valve disease, atrial fibrillation and pulmonary hypertension. He received the Vishisht Chikitsa Ratan Award from the Delhi Medical Association in 2012.",,false,2026-09-06 21:45:48.544128+00,"Chief Consultant, CTVS",Cardiac Surgery,,false,"[""MBBS (University of Gauhati, 1977)"",""MS General Surgery (PGIMER, Chandigarh, 1980)"",""MCh Cardio-Thoracic & Vascular Surgery (AIIMS, New Delhi, 1983)"",""WHO Fellowship (1993)"",""Gold Medalist, National Board""]","[""Vishisht Chikitsa Ratan Award, Delhi Medical Association (2012)""]",,"[""Cardiac surgeon, Mayo Clinic, USA"",""Cardiac surgeon, Texas Heart Institute, USA"",""Cardiac surgeon, Boston Children's Hospital, USA"",""Helped establish cardiac surgery centres in India and Bangladesh""]",
c5f8e580-0ea2-4646-be54-1f906bd88052,Dr. Pradeep Kumar Bansal,dr-pradeep-kumar-bansal,Urology Care,ee6f3f0c-ee78-4a8f-8d4b-01005b2e0567,20,"Dr. Pradeep Kumar Bansal leads a urology, uro-oncology, robotics and renal transplant unit at Fortis Memorial Research Institute, Gurgaon, with more than 20 years of experience and over 300 kidney transplants in adults and children. He completed his MBBS at King George's Medical College, Lucknow, and his MCh in Urology at SGPGIMS, Lucknow. His practice covers endourology, reconstructive urology and robotic surgery. He previously worked at Artemis Hospital and Max Hospital.",,false,2026-09-06 21:45:48.544128+00,"Director & Unit Head, Urology, Uro-Oncology Robotics & Renal Transplant",Urology and Kidney Transplant Surgery,,false,"[""MBBS (King George's Medical College, Lucknow)"",""MS General Surgery (KGMC, Lucknow)"",""MCh Urology (Sanjay Gandhi Post Graduate Institute of Medical Sciences, Lucknow)""]","[""Silver Medal & Certificate of Honour, S.S. Khan Dissection Competition, KGMC Lucknow"",""Best Paper Award (substitution urethroplasty)""]",,,
c64e54d6-2b75-40d1-90b5-bc7c2ec36514,Dr. Vikas Dua,dr-vikas-dua,Oncology Care,ee6f3f0c-ee78-4a8f-8d4b-01005b2e0567,20,"Dr. Vikas Dua directs paediatric haematology, oncology and the stem cell transplant programme at Fortis Memorial Research Institute, Gurgaon, with over 20 years of experience; he and his team have performed more than 1,200 transplants. He completed an advanced fellowship in paediatric bone marrow transplantation at the National University Hospital, Singapore, and trained further at St. Jude Children's Research Hospital in Memphis. His practice covers childhood leukaemia, lymphoma, thalassaemia and other blood disorders, with particular experience in matched unrelated and haploidentical transplants. He has treated children referred from India, Afghanistan, Iraq and several African countries.",,false,2026-09-06 21:45:48.544128+00,"Principal Director & Head, Pediatric Hematology, Hemato-Oncology & BMT",Pediatric Haematology,,false,"[""MBBS (PGIMS, Rohtak, 2007)"",""MD Paediatrics (PGIMS, Rohtak, 2007)"",""FNB Pediatric Hematology-Oncology (Sir Ganga Ram Hospital, New Delhi, 2012)"",""Fellowship in Pediatric BMT, National University Hospital, Singapore""]","[""Ravi K. Jarath Best DNB Fellow Award"",""Best Outgoing Fellow (FNB), Sir Ganga Ram Hospital""]",,,
c7f62daf-53b5-473b-a2e7-e1eb4795f94f,Dr. Shafiq Ahmed,dr-shafiq-ahmed,Urology Care,3347adc9-d8bc-4aa8-8233-20d8c99c901b,18,"Dr. Shafiq Ahmed leads urology, andrology and renal transplantation at BLK-Max Super Speciality Hospital, New Delhi, with over 18 years of surgical experience and more than 15,000 urological procedures performed, from robotic surgery to endoscopic and laser treatment. He is among the small number of surgeons worldwide actively performing robotic kidney transplantation, in both adults and children, and has set up renal transplant programmes at several hospitals across Delhi NCR. He holds an MBBS, an MS in General Surgery, a DNB in Urology and the MNAMS. He is a life member of the Urological Society of India, the Endourological Society of India, the Kidney Transplant Society of India and the Uro-Oncology Society of India.",,false,2026-09-06 21:45:48.544128+00,"Senior Director / Director, Urology, Andrology & Renal Transplant",Urology and Kidney Transplant Surgery,,false,"[""MBBS (Government Medical College, Srinagar, 1995)"",""MS General Surgery (SKIMS, Srinagar, 2003)"",""DNB Urology (National Board, 2009)"",""MNAMS""]",,,"[""Renal Transplant & Robotic Kidney Transplant Programs, Narayana Superspeciality Hospital"",""Renal Transplant & Robotic Kidney Transplant Programs, Dharamshila Cancer Hospital"",""Renal Transplant & Robotic Kidney Transplant Programs, Manipal Hospital, Dwarka"",""Renal Transplant & Robotic Kidney Transplant Programs, Fortis Memorial Research Institute""]",
c850cd9e-dc52-4b9d-97a2-d01e9dce7dda,Dr. Rahul Bhargava,dr-rahul-bhargava,Oncology Care,ee6f3f0c-ee78-4a8f-8d4b-01005b2e0567,23,"Dr. Rahul Bhargava leads haematology, paediatric haemato-oncology and bone marrow transplantation at Fortis Memorial Research Institute, Gurgaon, with over 23 years in the field and more than 2,500 stem cell transplants performed. His practice covers leukaemia, lymphoma, aplastic anaemia and multiple myeloma, and spans autologous, allogeneic and haploidentical transplantation. In 2016 he became the first physician in India to perform a stem cell transplant for multiple sclerosis. He has helped establish ten affordably priced bone marrow transplant centres across the country.",,false,2026-09-06 21:45:48.544128+00,"Principal Director & Chief, Hematology, Hemato-Oncology & BMT",Haematology,,false,"[""MBBS"",""MD Medicine"",""DM Clinical Haematology"",""Post-DM Fellowship in Leukemia and Bone Marrow Transplant, University of British Columbia, Vancouver, Canada (2009)""]","[""Award for Excellence in Hematology and Stem Cell Transplant, Union Health Minister"",""Best Doctor Award, Six Sigma Star Healthcare""]",,,
c8fb2ec9-c39b-4c05-80a1-773aae866604,Dr. Shipli Ghosh Shrivastava,dr-shipli-ghosh-shrivastava,Pediatric Care,fbd28ea2-0d7d-4532-8243-56a5ae2d16db,23,"A senior obstetrician and gynaecologist with expertise in high-risk pregnancy, painless deliveries, and minimally invasive gynaecological surgery including laparoscopy, hysteroscopy and robotic surgery. Areas of interest include infertility, fibroids, ovarian cysts, endometriosis, PCOS, menopause and gynaecological cancer prevention.",/images/specialists/dr-shipli-ghosh-shrivastava.webp,true,2026-09-19 06:24:26.150142+00,"Senior Consultant & Director, Obstetrics & Gynaecology",,,false,"[""MBBS"",""MS (Obstetrics & Gynaecology) — Rabindranath Tagore Medical College, Udaipur"",""Diploma in Advanced Gynaecological Laparoscopic Surgery — University of Louisville, Kentucky, USA"",""Robotic Surgery Training — Roswell Park, New York, USA"",""FOGSI-approved Laparoscopy course"",""Executive Program in Hospital Management (IIHMR)""]","[""Pradeep Srivastava Award — highest marks in Obstetrics & Gynaecology, Final MBBS""]",,"[""Venkateshwar Hospital"",""Director, Fortis Flt. Lt. Rajan Dhall Hospital"",""Rockland Hospital"",""Bensups Hospital"",""Mata Chanan Devi Hospital"",""Indraprastha Apollo Hospital"",""Lady Hardinge Medical College"",""Columbia Asia Hospital""]","[""Case report on Placenta Accreta (AOGD, 2016)"",""Study comparing carbetocin vs oxytocin in caesarean section""]"
caf34f5a-09df-4d0b-b4e8-dda16be0de40,Dr. Gajinder Kumar Goyal,dr-gajinder-kumar-goyal,Cardiac Care,aead77fb-b45e-4e08-b49e-287bc8125fe7,,,/images/specialists/dr-gajinder-kumar-goyal.webp,true,2026-09-19 06:24:26.150142+00,"Senior Consultant, Cardiology",,,false,,,,,
cb06bb80-5667-48cb-93a7-504e87690b86,Dr. Debashish Chanda,dr-debashish-chanda,Orthopaedic Care,3a727ef0-99d0-431a-a3d7-404996e0938d,14,"A fellowship-trained orthopaedic and joint replacement surgeon with a strong focus on the knee. Expertise in robotic-assisted and computer-navigation joint replacement (knee, hip, shoulder, elbow, wrist), revision and complex joint replacements, joint-preservation procedures, arthroscopy (ACL/PCL, meniscus repair/transplant), cartilage microsurgery, chondrocyte transfer and chondroplasty. Reported 10,000+ joint replacement and 2,000+ robotic/navigation-assisted procedures. Member of the Medical Council of India, the Indian Medical Association, and the Delhi Medical Council.",/images/specialists/dr-debashish-chanda.webp,true,2026-09-19 06:24:26.150142+00,Senior Joint-Replacement Consultant,,,false,"[""MBBS — Silchar Medical College, Assam (2005)"",""MS (Orthopaedics) — Gauhati Medical College, Assam (2009)"",""Fellowship in Computer-Navigated Joint Replacement — Lilavati & Breach Candy Hospital, Mumbai"",""Fellowship in Joint Replacement — USA (2014); Fellowship in Arthroplasty & Arthroscopy — DePuy Synthes Institute (2017)"",""Fellowship training in Revision Hip/Knee/Shoulder Replacement — Asklepios Klinik, Germany (2017); training with BrainLab navigation and Smith & Nephew Navio robotic-arm programs""]",,,"[""Lok Nayak Hospital & Maulana Azad Medical College, New Delhi"",""Breach Candy & Lilavati Hospital, Mumbai"",""GNH Hospital"",""W Pratiksha Hospital"",""Columbia Asia"",""Paras Hospital""]",
cba9a22f-159a-4240-8f57-6b38a4d2c5a8,Dr. Sudhir Tyagi,dr-sudhir-tyagi,Neurosurgery,8e7ced60-3dc8-4b24-9859-aad5732874fd,33,"A senior neurosurgeon who pioneered the functional stereotactic surgery program at Apollo Hospital, New Delhi, performing a large number of deep brain stimulation (DBS) and ablative surgeries. Reported to be the first surgeon in India to use image-fusion technique to localize deep-brain targets, and known for frameless stereotactic navigation in epilepsy and stereotactic radiosurgery (SRS). Has performed 9,000+ neurosurgical procedures. Member of the Neurological Society of India and the Indian Society of Functional and Stereotactic Neurosurgery.",/images/specialists/dr-sudhir-tyagi.webp,true,2026-09-19 06:24:26.150142+00,"Senior Consultant, Neurosurgery",,,false,"[""MBBS — King George's Medical College, Lucknow"",""MS & MCh (Neurosurgery) — AIIMS, New Delhi"",""Specialized training in neurovascular & skull-base surgery (Clinical Center Ljubljana, Slovenia, under Prof. Vinko Dolenc); stereotactic/functional neurosurgery (St. Vincent's Hospital, Sydney, under Dr. Malcolm Pell); spinal cord stimulation (San Francisco, USA)""]",,,,"[""Book chapter on Functional Stereotactic Neurosurgery in a Textbook of Operative Neurosurgery; presentations at national and international forums""]"
ce8dc8ab-0da4-45b5-85d8-b867872ba0c3,Dr. Niti Chadha Negi,dr-niti-chadha-negi,Cardiac Care,,17,"Dr. Niti Chadha Negi is Senior Consultant in Cardiology and heads cardiac electrophysiology at Metro Hospital, Faridabad, with over 17 years in cardiology and more than 12 of them in electrophysiology. She holds an MBBS, an MD in General Medicine and a DM in Cardiology, and is certified by the International Board of Heart Rhythm Examiners as both a Certified Electrophysiology Specialist and a Certified Cardiac Device Specialist. Her practice covers electrophysiology studies, radiofrequency and three-dimensional ablation including for atrial fibrillation, and the implantation and management of pacemakers, defibrillators and cardiac resynchronisation devices. She started the hospital's electrophysiology programme in 2014, which has since performed more than 1,300 device implants and 800 ablations, and was previously a consultant at Fortis Hospital, Delhi.",,false,2026-09-06 21:45:48.544128+00,Senior Consultant – Cardiology & Head of Cardiac Electrophysiology,Electrophysiology and Arrhythmia,,false,"[""MBBS (G.R. Medical College, Gwalior, 2001)"",""MD General Medicine (2004)"",""DM Cardiology (SMS Medical College, Jaipur, 2010)"",""Certified Electrophysiology Specialist (CEPS), International Board of Heart Rhythm Examiners"",""Certified Cardiac Device Specialist (CCDS), International Board of Heart Rhythm Examiners""]",,,,
d0aee050-a5fe-4a9c-a4ab-3dbc7207dba8,Dr. Rama Joshi,dr-rama-joshi,Oncology Care,ee6f3f0c-ee78-4a8f-8d4b-01005b2e0567,30,"Dr. Rama Joshi heads gynaecologic oncology at Fortis Memorial Research Institute, Gurgaon, with more than 30 years of experience in radical surgery for gynaecological cancer and over a decade of robotic surgical practice. She treats ovarian, cervical, endometrial, vaginal and vulvar cancer, and uses robotic surgery for cervical and uterine cancer, ovarian staging and premalignant conditions. She was a fellow in gynaecologic oncology at Tata Memorial Hospital, Mumbai, and a UICC fellow at Buffalo, New York, with further training at the University of Michigan and the University of Lyon, and robotic training on the da Vinci system in California. She received the Double Helical National Health Award in 2017.",,false,2026-09-06 21:45:48.544128+00,"Director/Chairman, Gynae Oncology & Robotic Surgery",Oncology Gynaecology Surgery,,false,"[""MBBS (SMS Medical College, Jaipur, 1986, Gold Medalist)"",""MS Obstetrics & Gynaecology (University of Rajasthan, 1989)"",""Fellowship in Gynae Oncology, Tata Memorial Hospital, Mumbai"",""UICC Fellowship, Buffalo General Hospital, NY, USA""]","[""Pfizer Postgraduate Gold Medal"",""Bhamashah Award"",""Double Helical National Health Award (2017)""]",,"[""Head, Gynae Oncology, Artemis Hospital"",""Head, Gynae Oncology, BLK Hospital"",""Head, Gynae Oncology, Dharamshila Cancer Hospital""]",
d0b454f2-45c2-442c-99c0-0f595d152dd5,Dr. Ashutosh Marwah,dr-ashutosh-marwah,Cardiac Care,6933d205-be44-42d4-98bb-4bcb7dfee661,20,"Dr. Ashutosh Marwah is a paediatric cardiologist with more than 20 years of clinical experience and is a Director in paediatric cardiology at Fortis Escorts Heart Institute, New Delhi. He completed his MBBS and MD in Paediatrics at Maulana Azad Medical College, University of Delhi, followed by advanced fellowships in paediatric cardiology at Escorts Heart Institute and at the Royal Children's Hospital, Melbourne. His practice covers cardiac intervention in newborns, interventional closure of ASD, VSD and PDA, balloon dilatation and stenting for coarctation, pulmonary artery stenting, and echocardiographic and foetal imaging of complex cardiac abnormalities. He was previously Senior Consultant in paediatric cardiology at Indraprastha Apollo Hospital, New Delhi.",,false,2026-09-06 21:45:48.544128+00,"Director, Paediatric Cardiology",Paediatric Cardiology,,false,"[""MBBS (Maulana Azad Medical College, University of Delhi, 1990)"",""MD Paediatrics (Maulana Azad Medical College, 1994)"",""Fellowship in Paediatric Cardiology, Escorts Heart Institute (1999–2001)"",""Fellowship in Paediatric Cardiology, Royal Children's Hospital, Melbourne (2001–2003)""]",,,,
d13c7567-9463-47a0-b80a-27487563d3d0,Dr. Vinayak Agrawal,dr-vinayak-agrawal,Cardiac Care,ee6f3f0c-ee78-4a8f-8d4b-01005b2e0567,25,"Dr. Vinayak Agrawal leads clinical cardiology and cardiac imaging at Fortis Memorial Research Institute, Gurgaon, with close to 25 years of experience. He runs the institute's heart valve clinic and its cardiology service for liver transplant patients. Before joining Fortis in 2021 he spent over a decade at Medanta – The Medicity as Additional Director of Cardiology, and headed clinical and non-invasive cardiology at PSRI Hospital, New Delhi. His work centres on advanced cardiac imaging, structural heart disease and preventive cardiology, and he is a fellow of the American College of Cardiology, the American Society of Echocardiography and the American Heart Association.",,false,2026-09-06 21:45:48.544128+00,"Senior Director & Head, Clinical Cardiology & Cardiac Imaging",Non-Invasive Cardiology,,false,"[""MBBS (Maulana Azad Medical College, New Delhi)"",""MD Internal Medicine (University College of Medical Sciences, Delhi)"",""DNB Cardiology (Escorts Heart Institute, New Delhi)"",""FACC"",""FASE"",""FAHA""]",,,,
d1fc8a6d-78ad-44bf-96d4-e057f95fafbf,Dr. Rinkesh Kumar Bansal,dr-rinkesh-kumar-bansal,Gastroenterology,ee6f3f0c-ee78-4a8f-8d4b-01005b2e0567,17,"Dr. Rinkesh Kumar Bansal is an Additional Director in gastroenterology and hepatobiliary sciences at Fortis Memorial Research Institute, Gurugram, with 17 years of clinical experience. He completed his MBBS at Gauhati Medical College, his MD in General Medicine at SMS Medical College, Jaipur, and his DNB in Gastroenterology at Sir Ganga Ram Hospital, Delhi. Before joining Fortis in 2017 he practised transplant hepatology and interventional gastroenterology at Medanta – The Medicity. His practice covers transplant hepatology, endoscopic ultrasound and diagnostic and therapeutic endoscopy, and he has more than 40 publications.",,false,2026-09-06 21:45:48.544128+00,"Director/Senior Consultant, Gastroenterology & Hepatobiliary Sciences",Gastroenterology and Hepatobiliary Sciences,,false,"[""MBBS (Gauhati Medical College & Hospital)"",""MD General Medicine (SMS Medical College, Jaipur)"",""DNB Gastroenterology (Sir Ganga Ram Hospital, New Delhi)"",""Fellowship in Interventional Gastroenterology, Medanta – The Medicity"",""Fellowship in Transplant Hepatology, Medanta – The Medicity""]","[""Presidential Poster Presentation, ISGCON 2017 (EUS-guided FNA research)""]",,,
d1ff8f34-f49f-4e25-ba8c-385811deb540,Dr. Kamal K. Sethi (Padma Shri),dr-kamal-k-sethi,Cardiac Care,8386fca8-f521-426c-8c60-ceab64990200,50,"One of India's pioneering cardiologists, credited with performing the first catheter ablation in India. His primary areas of interest are cardiac arrhythmias and cardiac interventions. Former President, Cardiological Society of India; former President, Indian Society of Electrocardiology; member of the Executive Council of the Asia Pacific Society of Cardiology; former editor of the Indian Heart Journal; editorial board member, Journal of Invasive Cardiac Electrophysiology. Fellow of the Heart Rhythm Society (FHRS), the American College of Cardiology, the Cardiological Society of India, and the Indian Society of Electrocardiology.",/images/specialists/dr-kamal-k-sethi.webp,true,2026-09-19 06:24:26.150142+00,Chairman & Managing Director; Head of Cardiology (Interventional Cardiology & Electrophysiology),,,false,"[""MBBS (1971) — Maulana Azad Medical College (MAMC), University of Delhi"",""MD (1976) — Maulana Azad Medical College, University of Delhi"",""DM (Cardiology) (1979) — Maulana Azad Medical College, University of Delhi""]","[""Padma Shri (2006) — Government of India, fourth-highest civilian honour"",""Andrew Gruentzig Distinguished Interventional Cardiologist Award — Cardiovascular Society of India"",""Legend in Cardiology Award — Delhi Medical Association"",""DMA Chikitsa Ratan Award; WCCPC Lifetime Achievement Award; IHRS Career Achievement Award; MAMC Alumnus Award; B. C. Roy Memorial Doctors' State Award; Searle Award; D. P. Basu Award""]",,,"[""Numerous publications and orations over his career; long editorial involvement with national cardiology journals""]"
d3c9064d-5f20-41c5-a543-aac289d55f63,Dr. Madhukar Bhardwaj,dr-madhukar-bhardwaj,Neurosurgery,fbd28ea2-0d7d-4532-8243-56a5ae2d16db,16,"A senior neurologist with a special interest in acute stroke management, refractory epilepsy, movement disorders, and Botox therapy for neurological conditions including refractory migraine.",/images/specialists/dr-madhukar-bhardwaj.webp,true,2026-09-19 06:24:26.150142+00,"Director & HOD, Neurology",,,false,"[""MBBS — Shri Devaraj Urs Medical College, Kolar, Karnataka"",""DNB (Internal Medicine / General Medicine) — PGIMER ESI Hospital, Basaidarapur, New Delhi"",""DNB (Neurology) — Army Hospital Research & Referral, New Delhi"",""MNAMS (Member, National Academy of Medical Sciences)""]","[""All India President's Gold Medal in Neurology, DNB, Army Hospital Research & Referral""]",,"[""Practised as a physician for approximately 5 years before specialising in neurology"",""Consultant Neurologist, Paras Hospital, Gurgaon""]",
d43e9eb4-a653-47b4-a717-6f4a0d77233d,Dr. Kamal Verma,dr-kamal-verma,Neurosurgery,2fa916fb-2d90-4f8c-b2bc-b5b22e84b1cb,20,"A brain and spine surgeon. Has performed 10,000+ neurosurgical procedures. Expertise in neuro-navigation, awake brain surgery, minimally invasive spine surgery, functional/endoscopic/vascular neurosurgery, spinal tumour and craniovertebral-junction surgery. Reported to be the first to introduce artificial disc replacement in Faridabad. Member of the North American Spine Society, the Neurological Society of India, the Delhi Neurological Society, the Delhi Spine Society, and the AO Spine Group.",/images/specialists/dr-kamal-verma.webp,true,2026-09-19 06:24:26.150142+00,"Director, Neurosurgery",,,false,"[""MBBS — Pt. B.D. Sharma PGIMS, Rohtak (1994)"",""MS (General Surgery) — PGIMS, Rohtak (1998)"",""MCh (Neurosurgery) — PGIMER, Chandigarh (2002)""]",,,,"[""Award-winning research papers""]"
d551a69d-601a-4f7a-b92c-e12bf144dab9,Dr. Ashok Rajgopal,dr-ashok-rajgopal,Orthopaedic Care,8f90193f-a179-462f-9f6f-82e792b10848,,"Dr. Ashok Rajgopal is Group Chairman of the Medanta Institute of Musculoskeletal Disorders and Orthopaedics, Gurugram, and has performed around 40,000 total knee replacements along with more than 60,000 arthroscopic operations for sports injuries. He performed India's first bilateral total knee replacement, its first minimally invasive joint replacement, its first virtual total knee replacement using patient-specific instrumentation, and was the first in the country to use gender-specific knee implants. He designed and patented instruments for minimally invasive knee replacement that are now used by surgeons internationally. He was awarded the Padma Shri in 2014.",,false,2026-09-06 21:45:48.544128+00,"Group Chairman, Institute of Musculoskeletal Disorders & Orthopaedics",Orthopaedics and Joint Replacement,,false,"[""MBBS (Armed Forces Medical College, Pune University, 1974)"",""MS Orthopaedics (AIIMS, New Delhi, 1978)"",""MCh Orthopaedics (1983)"",""FRCS (Edinburgh)"",""FIMSA""]","[""Padma Shri (2014)"",""Dr. B.C. Roy Award (2014)"",""Knee Ratna Award"",""Bharat Shiromani Award""]",,,
d5b03ed4-ba9f-452f-846c-28c88c74ce12,Dr. S.S. Bansal,dr-s-s-bansal,Cardiac Care,,30,"Dr. S.S. Bansal is an interventional cardiologist with around 30 years in practice and chairs interventional cardiology at SSB Heart and Multispeciality Hospital, Faridabad. He completed his MBBS at Guru Nanak Dev University, Amritsar, his MD in Internal Medicine and DM in Cardiology at B.J. Medical College, Gujarat University, and his DNB in Cardiology in 1994. He was Haryana's first DM-qualified cardiologist, opened the state's first dedicated heart hospital in 2002, and founded SSB Heart and Multispeciality Hospital in 2020. He trained in stress and transoesophageal echocardiography at the Mayo Clinic and in angioplasty in Germany, and is a fellow of the Society for Cardiovascular Angiography and Interventions and of the American College of Cardiology.",,false,2026-09-06 21:45:48.544128+00,,Interventional Cardiology,,false,,,,,
d690dea1-8fa6-49ea-88f0-977c5b521e2f,Dr. Ruchir Maheshwari,dr-ruchir-maheshwari,Urology Care,2afa15cc-809b-498c-981c-126d5bc494bb,,"A urologist and kidney-transplant surgeon with interests in endourology, laparoscopic/robotic urology, uro-oncology and renal transplantation.",/images/specialists/dr-ruchir-maheshwari.webp,true,2026-09-19 06:24:26.150142+00,"Senior Consultant, Urology",,,false,,,,,
d6eb75e8-7f7a-46e3-94f9-fa98199d3a8e,Dr. Tapan Ghose,dr-tapan-ghose,Cardiac Care,912ac359-026e-4257-8477-0bf4aff69b23,30,"Senior Director & HOD of Cardiology (and Head of Clinical Research). A leader in transradial angioplasty and primary-PCI programs in North India — started the transradial angioplasty program at Fortis Vasant Kunj in 2006 and transradial primary PCI in 2011. Expertise in coronary interventions, cardiac electrophysiology and device implantation. Life member, Cardiological Society of India; Fellow of the International Medical Sciences Academy, the American College of Cardiology, and SCAI (USA); member, National Academy of Medical Sciences.",/images/specialists/dr-tapan-ghose.webp,true,2026-09-19 06:24:26.150142+00,"Senior Director & HOD, Cardiology",,,false,"[""MBBS — Silchar Medical College, Assam (1988; honours in biochemistry)"",""MD (Medicine) — Assam Medical College, Dibrugarh (1993); DNB (Medicine), 1993"",""DNB (Cardiology) — National Board of Examinations (2001), trained at Batra Hospital & Medical Research Centre, New Delhi"",""FNB / Fellowship in Interventional Cardiology — National Board (2004); Fellow, Society for Cardiovascular Angiography and Interventions (SCAI), USA""]","[""Dr. Anjan Chakravorty Memorial Medal in Medicine (1988)"",""\""Cardiologist of the Year\"" (Indian Healthcare Summit & Awards, 2014)""]",,"[""Principal Consultant, Interventional Cardiology, Fortis Escorts Heart Institute"",""Director & Head of Cardiology, Paras Hospital, Gurgaon""]","[""100+ scientific publications and 12 textbook chapters; author of the Handbook of Lipidology""]"
d749185c-fd40-44db-b9af-42db418f0c23,Dr. Vipul Gupta,dr-vipul-gupta,Neurosurgery,68a3daff-b3cb-4f44-aa3b-f7509ec2c959,24,"One of India's most experienced neurointerventionists, specialising in aneurysm coiling, flow-diverter placement, AVM embolization, carotid stenting, and acute stroke intervention. Founder of the Society of Therapeutic Neurointervention (STNI) of India.",/images/specialists/dr-vipul-gupta.webp,true,2026-09-19 06:24:26.150142+00,"Director, Neurointerventional Surgery",,,false,"[""MBBS — Maulana Azad Medical College, Delhi University"",""MD (Radiodiagnosis) — Safdarjung Hospital, Delhi University"",""Training/faculty in Interventional Neuroradiology — AIIMS, New Delhi (Associate Professor)"",""Short-term fellowships — Foundation Rothschild (Paris), Cleveland Clinic (USA), and Italy"",""Visiting professor — UMass General Hospital, Boston""]","[""Featured by Hindustan Times as one of the \""Top 10 Young Surgeons\"" in the country"",""Max Healthcare Recognition Award (2008)"",""IMAAMS Distinguished Service Award (2007)"",""Multiple best-paper/poster awards""]",,"[""Developed the Interventional Neuroradiology unit, Max Super Speciality Hospital, Saket"",""Head of Neurointervention, Medanta the Medicity""]","[""45+ publications and 7 book chapters""]"
d775efe2-9253-4a88-b041-d0a745ffca17,Dr. Sumit Singh,dr-sumit-singh,Neurosurgery,8e7ced60-3dc8-4b24-9859-aad5732874fd,22,"A neurologist specialising in headache/migraine, Parkinson's disease and other movement disorders. Credited with starting the first headache clinic in North India (2002, in the government sector at AIIMS).",/images/specialists/dr-sumit-singh.webp,true,2026-09-19 06:24:26.150142+00,"Senior Consultant, Neurology",,,false,"[""MBBS — MLB Medical College, Jhansi"",""MD (Medicine) — LLRM Medical College, Meerut"",""DM (Neurology) — AIIMS, New Delhi (class topper)"",""Training in muscle disorders — Institut de Myologie, Pitié-Salpêtrière Hospital, Paris""]","[""BL Soni Gold Medal for Best Resident in Neurology (AIIMS, 1997)"",""BL Soni Book Prize (1999)"",""Best Resident Award (1999)""]",,,
d793ad60-ba63-46b7-84b4-7fcce205fae4,Dr. Tariq Matin,dr-tariq-matin,Neurosurgery,68a3daff-b3cb-4f44-aa3b-f7509ec2c959,15,"Dr. Tariq Matin directs neuro-intervention at Artemis Hospital, Gurgaon, with over 15 years in the field and more than 1,000 neurovascular procedures performed. He trained at AIIMS, New Delhi, and completed a fellowship at Foch Hospital, Suresnes, France, under Dr. Georges Rodesch. His practice spans mechanical thrombectomy for acute stroke, aneurysm coiling and embolisation, intracranial and carotid angioplasty, cerebral arteriovenous malformation and dural fistula embolisation, and transcranial Doppler monitoring for vasospasm. He leads development of the hospital's comprehensive stroke centre.",,false,2026-09-06 21:45:48.544128+00,"Director & Chief, Neurointerventional Surgery / Interventional Neuroradiology",Neurointerventional Radiology,,false,"[""MBBS (Gandhi Medical College, Bhopal)"",""DMRD (MGM Medical College, Bhopal)"",""DNB (Indraprastha Apollo Hospitals, New Delhi)"",""Senior Residency in Neuroradiology, AIIMS, New Delhi"",""Fellowship in Interventional Neuroradiology, Foch Hospital, Suresnes, France, under Dr. Georges Rodesch"",""PLANET Certification, University of Toronto""]","[""Comprehensive Stroke Centre Development Initiative Award, Pan Arab Interventional Society (2023)"",""Part of team recognized as Best Neuroscience Team in the NCR""]",,"[""Neurointervention, Fortis Memorial Research Institute"",""Neurointervention, Medanta – The Medicity"",""Neurointervention, Narayana Superspeciality Hospital""]",
d7b0a3da-efd1-43c3-b1e2-561315ae210c,Dr. Pradeep Sharma,dr-pradeep-sharma-isic,Orthopaedic Care,92052dff-8d68-4dd8-84f2-6e9bf0eabd67,35,"A senior orthopaedic surgeon specialising in primary and revision hip and knee replacement and joint reconstruction, plus trauma, infection management, tumour resection and bone grafting.",/images/specialists/dr-pradeep-sharma-isic.webp,true,2026-09-19 06:24:26.150142+00,"Senior Consultant & Chief, Joint Replacement",,,false,"[""MBBS, MS (Orthopaedics), MCh (Orthopaedics)"",""Arthroplasty Fellowships — Sindelfingen (Germany) and a Los Angeles hospital (USA)"",""Trauma Fellowship — Davos, Switzerland"",""Adult Reconstruction — Royal Liverpool Hospital & Queen Mary Hospital, UK; Paediatric Orthopaedics — Alder Hey Children's Hospital, Liverpool, UK""]",,,"[""Senior Consultant, Orthopaedic Surgeon & Chief Coordinator, Holy Family Hospital, New Delhi"",""Queen Mary's Hospital, London"",""Nevill Hall Hospital, UK"",""Visiting consultant, Rockland Hospital and Fortis Vasant Kunj""]","[""Runs arthroplasty fellowships (Stryker/Zimmer-supported) and mentors younger surgeons""]"
db1f6007-0ffd-4f88-932f-12aeeed05b13,Dr. Attique Vasdev,dr-attique-vasdev,Orthopaedic Care,8f90193f-a179-462f-9f6f-82e792b10848,33,"Dr. Attique Vasdev is an orthopaedic surgeon with over 33 years in practice and has led the knee unit at Medanta – The Medicity, Gurugram, since the hospital opened in 2009, having played a central part in setting it up. He completed his MBBS at Kasturba Medical College and his MS in Orthopaedics at the Manipal Academy of Higher Education, followed by a trauma fellowship in Israel and a joint replacement fellowship in Germany. His practice covers knee replacement, ligament reconstruction around the knee, knee osteotomy, arthroscopy and sports injury surgery. He teaches through workshops and live surgical demonstrations, and is a member of the Indian Orthopaedic Association and the Indo-German Orthopaedic Foundation.",,false,2026-09-06 21:45:48.544128+00,"Vice Chairman, Knee Unit / Bone & Joint Institute",Orthopaedics and Joint Replacement,,false,"[""MBBS (Kasturba Medical College, Manipal, 1992/93)"",""MS Orthopaedics (Manipal Academy of Higher Education, 1997)"",""Trauma Fellowship, Rambam Medical Centre, Israel (2001)"",""Joint Replacement Fellowship, Germany""]","[""Gold Medal"",""Best Paper Award""]",,"[""Assistant Professor, Kasturba Medical College, Manipal"",""Orthopaedic Consultant, Sir Ganga Ram Hospital""]",
dcf3d90f-0ca6-457b-8572-9392a0a4349b,Dr. Arvind Kumar Goyal,dr-arvind-kumar-goyal,Cardiac Care,2afa15cc-809b-498c-981c-126d5bc494bb,,"A cardiothoracic and vascular surgeon leading a CTVS unit, covering adult cardiac surgery (CABG, valve surgery), thoracic and vascular procedures.",/images/specialists/dr-arvind-kumar-goyal.webp,true,2026-09-19 06:24:26.150142+00,"Director & HOD, Cardiothoracic & Vascular Surgery",,,false,,,,,
dd09cc3b-0b6d-43f5-bbe9-77e605f6cd5e,Dr. Manju Aggarwal,dr-manju-aggarwal,Nephrology,68a3daff-b3cb-4f44-aa3b-f7509ec2c959,,"Director/Chairperson of Nephrology & Kidney Transplantation (since 2012), and Chief of Medical Services (since 2020). Expertise in acute and chronic renal failure, dialysis, and difficult/high-risk renal transplants including desensitization. Member of the American Society of Nephrology, the International Society of Nephrology, the Indian Society of Nephrology, the Indian Society of Organ Transplantation, and the Delhi Nephrology Society.",/images/specialists/dr-manju-aggarwal.webp,true,2026-09-19 06:24:26.150142+00,"Director, Nephrology",,,false,"[""MBBS — Lady Hardinge Medical College, New Delhi (1976)"",""MD (Internal Medicine) — G.B. Pant Hospital / Maulana Azad Medical College, New Delhi (1980)"",""Fellowship in Nephrology — University of Minnesota Hospitals & Clinics, Minneapolis, USA (1992)"",""DNB (Nephrology) — 1993"",""MBA (Healthcare Administration) — Faculty of Management Studies, University of Delhi (2008)""]",,,"[""Senior Consultant (Nephrology), Indraprastha Apollo Hospitals (1996–2012)"",""Senior Consultant & Head, Sant Parmanand Hospital (2001–2006)"",""Consultant roles, Escorts Heart Institute, Moolchand and Tirath Ram Shah Hospitals""]",
dd7f961a-2b66-4a5a-9e96-2b330b63f5d3,Dr. Abhideep Chaudhary,dr-abhideep-chaudhary,Liver Transplant,3347adc9-d8bc-4aa8-8233-20d8c99c901b,20,"Dr. Abhideep Chaudhary chairs HPB surgery and liver transplantation at BLK-Max Super Speciality Hospital, New Delhi, with over 20 years of experience and more than 2,000 liver transplant and hepato-pancreato-biliary operations performed. He completed a fellowship in multi-organ transplant surgery at the Thomas E. Starzl Transplantation Institute, University of Pittsburgh Medical Center. His practice covers living-donor liver transplantation, robotic donor surgery, paediatric transplantation, pancreatic resection, bile duct surgery and complex HPB cancer surgery. He previously worked at Jaypee Hospital, Sir Ganga Ram Hospital and Indraprastha Apollo Hospitals, and serves as treasurer of the Liver Transplant Society of India.",,false,2026-09-06 21:45:48.544128+00,"Chairman / Vice Chairman & HOD, HPB Surgery & Liver Transplantation",Liver Transplant and Hepatobiliary Sciences,,false,"[""MBBS (Goa Medical College & Hospital, Goa University)"",""MS General Surgery (Lady Hardinge Medical College & Smt. Sucheta Kriplani Hospital, New Delhi)"",""Fellowship in Hepatobiliary & Multiorgan Transplant Surgery, Thomas Starzl Transplantation Institute, University of Pittsburgh Medical Center, USA"",""FRCS (Glasgow)"",""FACS"",""FAIS""]","[""NewsX Health Excellence Award (2018)"",""Times Healthcare Achiever's Award – Rising Star in Liver Transplant (2018)"",""Delhi Medical Association \""Vishisht Chikitsa Award\"" (2015)"",""National Status Award for Health Excellence (2014)""]",,,"[""50+ publications""]"
de5bfcc4-ed11-44be-bcda-352656f50ab3,Dr. Sanjay Kumar Chaudhary,dr-sanjay-kumar-chaudhary,Neurosurgery,d386c166-929d-48a2-a954-92c4745633d2,21,"A senior neurologist and epilepsy specialist. Expertise in epilepsy, dementia, movement disorders, vertigo, sleep disorders, ADHD, headache and neuro-electrophysiology. Member of the Neurological Society of India, the Indian Academy of Neurology, the Delhi Neurological Association, the Indian Medical Association, and the Delhi Medical Association.",/images/specialists/dr-sanjay-kumar-chaudhary.webp,true,2026-09-19 06:24:26.150142+00,"Senior Consultant, Neurology",,,false,"[""MBBS — Medical College, Calcutta (1992)"",""MD (General Medicine) — M.G.M. Medical College, Indore / MGM Institute (1996)"",""DM (Neurology) — AIIMS, New Delhi (1999)""]","[""Best Poster Award (Hindi MMSE validation, ADI Conference, 1998)"",""Platform presentation on economic aspects of epilepsy (IAN, Calcutta, 1999)""]",,"[""Senior Consultant & Chief/Coordinator of Neurology, Batra Hospital, New Delhi"",""Senior Consultant, Moolchand Medcity"",""Senior Resident in Neurology, AIIMS""]",
dff0b979-5d7e-4695-a56e-92014e7d805a,Dr. Rahul Mehrotra,dr-rahul-mehrotra,Cardiac Care,68a3daff-b3cb-4f44-aa3b-f7509ec2c959,24,"Chief of Non-Invasive & Clinical Cardiology. Expert in 2D/3D echocardiography, transesophageal echo, strain imaging, stress echo, and vascular Doppler. A prolific academic with 100+ publications. Honorary General Secretary, Indian Academy of Echocardiography; life member, Cardiological Society of India and Indian Heart Rhythm Society; member, American Society of Echocardiography.",/images/specialists/dr-rahul-mehrotra.webp,true,2026-09-19 06:24:26.150142+00,"Chief, Non-Invasive & Clinical Cardiology",,,false,"[""MBBS"",""MD (Medicine)"",""DNB (Cardiology)""]","[""Gold Medal in Cardiology (Dr. M. Chenna Reddy Award), RAJAPICON, Jaipur"",""S.N. Merit and Dr. G.C. Sanghi gold medals during training"",""Best-abstract prize at a symposium on meditation in cardiovascular disease""]",,"[""Escorts Heart Institute & Research Centre"",""Indraprastha Apollo Hospitals"",""Course director, non-invasive cardiology fellowship, Max Super Speciality Hospital, Saket""]","[""100+ publications in cardiology journals and textbooks; journal reviewer""]"
e0455513-f74f-4325-bb10-d9580bb81fd5,Dr. Anand Sinha,dr-anand-sinha,Pediatric Care,ee6f3f0c-ee78-4a8f-8d4b-01005b2e0567,17,"Dr. Anand Sinha has headed paediatric surgery at Fortis Memorial Research Institute, Gurgaon, for eight years and has 17 years of surgical experience, with more than 10,000 procedures performed. He completed an MCh in Paediatric Surgery at AIIMS, New Delhi, and a fellowship in paediatric robotic urology at the University of Chicago. He was among the first paediatric surgeons in India to perform robotic surgery in children and remains among the few who still do. His practice covers neonatal surgery, paediatric gastrointestinal and thoracic surgery, paediatric urology, and paediatric solid tumours, using minimally invasive, thoracoscopic and robotic techniques.",,false,2026-09-06 21:45:48.544128+00,"Senior Consultant & Head, Paediatric Surgery",Pediatrics and Pediatric Surgery,,false,"[""MBBS"",""MS General Surgery"",""MCh Paediatric Surgery (AIIMS, New Delhi)"",""Fellowship in Paediatric Robotic Urology, University of Chicago, Illinois, USA""]","[""Global Icon Award (2019) for achievements in paediatric surgery""]",,"[""Paediatric Surgery, AIIMS, New Delhi"",""Paediatric Surgery, Sir Ganga Ram Hospital"",""Paediatric Surgery, RML Hospital""]",
e07bb678-8f2d-4d3c-bef7-fb9c45eee0c4,Dr. Praveen Gupta,dr-praveen-gupta,Neurosurgery,9fa0cca0-16bb-4af8-b88c-d5383f792c8f,,,/images/specialists/dr-praveen-gupta.webp,true,2026-09-19 06:24:26.150142+00,"Chairman & Principal Director, Neurology",,,false,,,,,
e50ad532-bb42-402c-a637-7e57e197a7cf,Dr. Umesh Gupta,dr-umesh-gupta,Nephrology,fbd28ea2-0d7d-4532-8243-56a5ae2d16db,20,A nephrologist with experience across chronic and acute renal disease and renal transplantation.,/images/specialists/dr-umesh-gupta.webp,true,2026-09-19 06:24:26.150142+00,"Senior Consultant & Director, Nephrology",,,false,"[""MBBS"",""MD (Medicine)"",""DM (Nephrology)""]",,,"[""Regency Hospital, Kanpur"",""Himalayan Institute of Medical Sciences, Dehradun"",""SGPGI, Lucknow"",""AIIMS, New Delhi"",""Director of Nephrology, Rockland Hospitals"",""Fortis Hospitals"",""Kalra Hospital""]",
e5fb475b-c092-4e1b-b9fd-2c265691a44d,Dr. Anil Saxena,dr-anil-saxena,Cardiac Care,6933d205-be44-42d4-98bb-4bcb7dfee661,35,"Dr. Anil Saxena chairs electrophysiology and cardiac pacing at Fortis Escorts Heart Institute, New Delhi, where he has practised since 1989 and built the electrophysiology department. He is among the pioneers of implantable cardioverter defibrillator and biventricular pacemaker implantation in India, and has performed electrophysiological studies and radiofrequency catheter ablation for complex arrhythmias for over 25 years. He is a founder member of the executive committee of the Indian Heart Rhythm Society and served as its secretary, and is a member of the Asia Pacific Heart Rhythm Society and of the Heart Rhythm Society in the United States.",,false,2026-09-06 21:45:48.544128+00,Chairman Cardiology,Electrophysiology and Arrhythmia,,false,"[""MBBS"",""MD"",""DM""]","[""Dr. O.P. Goel Memorial Oration Award, Indian Medical Association Meerut Branch, 27 Nov 2004"",""Shri G.L. Raturi Oration Award, Indian Medical Association Dehradun Branch, 24 Mar 2002"",""Dr. B.L. Kapoor Memorial Oration Award, Delhi Medical Association, 26 Mar 2001"",""Dr. O.P. Goel Memorial Oration Award, Indian Medical Association Meerut Branch, 21 Nov 2001"",""Prof. H.S. Mittal Memorial Oration Award, Indian Medical Association Meerut Branch, 26 Mar 2000"",""Nagarik Samman Award, Bareilly Jaycees, for contribution and achievement in medicine, 20 Feb 2005""]",,,
e6202fa0-8c4e-4775-bdeb-21ce27d1c3e5,Dr. Sanjay Sarup,dr-sanjay-sarup,Orthopaedic Care,68a3daff-b3cb-4f44-aa3b-f7509ec2c959,25,"Dr. Sanjay Sarup heads an orthopaedics unit and leads paediatric orthopaedics and spine surgery at Artemis Hospital, Gurgaon, with over 25 years devoted to musculoskeletal conditions in children. He completed his MBBS at the University of Kashmir, his MS in Orthopaedics at PGIMER, Chandigarh, and an MCh in Orthopaedics at Dundee, and holds the FRCS from Glasgow. His practice covers congenital hip dislocation, clubfoot correction, scoliosis and spinal deformity, and complex limb deformity correction in children. He established the paediatric orthopaedic unit at Sir Ganga Ram Hospital, Delhi, in 2004 and the paediatric orthopaedic and spine division at Medanta in 2009.",,false,2026-09-06 21:45:48.544128+00,"Head, Orthopaedics Unit-II & Chief, Paediatric Orthopaedics & Spine Surgery",Paediatric Orthopaedics and Spine,,false,"[""MBBS (University of Kashmir)"",""MS Orthopaedics (PGIMER, Chandigarh)"",""MCh Orthopaedics (Dundee, UK)"",""FRCS (Glasgow)"",""Paediatric Orthopaedics Fellowship, Royal Hospital for Sick Children, Glasgow (1998)"",""Further training, KEM and Nair Hospitals, Mumbai""]",,,,
e857bae5-5f49-4966-8689-63db23316479,Dr. Aseem R. Srivastava,dr-aseem-r-srivastava,Cardiac Care,68a3daff-b3cb-4f44-aa3b-f7509ec2c959,25,"Dr. Aseem R. Srivastava heads paediatric cardiac surgery at Artemis Hospital, Gurgaon, with over 25 years of clinical experience. He completed his MBBS at GSVM Medical College, Kanpur, his MS in General Surgery at King George's Medical University, and his MCh in Cardiothoracic Surgery at G.B. Pant Hospital, followed by training in paediatric and neonatal cardiac surgery at the Children's Hospital of Philadelphia and the Children's Hospital of Pittsburgh. He has extensive experience in reconstructive surgery in neonates and infants and favours early corrective repair wherever it is possible. He previously practised at the East Carolina Heart Institute, where he worked in minimal-access and robotic cardiac surgery, and is a member of the World Society for Pediatric and Congenital Heart Surgery and the Pediatric Cardiac Society of India.",,false,2026-09-06 21:45:48.544128+00,"Head, Paediatric Cardiac Surgery",Paediatric Cardiac Surgery,,false,"[""MBBS (GSVM Medical College / C.S.J.M University, Kanpur)"",""MS General Surgery (King George Medical University, Lucknow)"",""MCh Cardiovascular & Thoracic Surgery (GB Pant Hospital, Maulana Azad Medical College, New Delhi)""]","[""Babu Kashi Ram Dhawan Gold Medal (Best Student in MS Surgery)""]",,,"[""Multiple peer-reviewed publications in the Journal of Cardiac Surgery, Injury, and Annals of Cardiac Anaesthesia"",""Book chapter on neonatal airway disorders (Springer)""]"
e8d84905-1082-429f-adee-5204b939bc64,Dr. Amit Kumar Chaurasia,dr-amit-kumar-chaurasia,Cardiac Care,68a3daff-b3cb-4f44-aa3b-f7509ec2c959,12,"An interventional cardiologist and one of India's leading TAVI/TAVR experts. Has performed 10,000+ cardiac procedures and 1,000+ TAVI/TAVR procedures. Also performs complex coronary interventions (left main, CTO), structural heart procedures (device closures), peripheral/carotid/aorto-iliac interventions, TEVAR/EVAR, and renal denervation. Recognised as one of the first TAVI proctors in India and a frequent course director/faculty member.",/images/specialists/dr-amit-kumar-chaurasia.webp,true,2026-09-19 06:24:26.150142+00,"Chief, Cath Lab & TAVI",,,false,"[""MBBS — JIPMER, Pondicherry"",""MD (Internal Medicine) — AIIMS, New Delhi"",""DM (Cardiology) — SCTIMST, Trivandrum"",""Fellowship in Complex Coronary & Structural Heart Disease — GOKI, Budapest, Hungary (approx. 3 years)""]",,,"[""Director, TAVI/TAVR & Structural Heart Disease, EHCC, Jaipur"",""Consultant, Interventional Cardiology, BLK Super Speciality Hospital, New Delhi"",""Consultant, Interventional Cardiology, Bankers Heart Institute, Surat"",""Academic posts, Rajiv Gandhi Super Speciality Hospital, Delhi, and in Nepal"",""Proctor for Medtronic CoreValve/Evolut R TAVI and TEVAR/EVAR systems""]",
ec68f710-16af-4265-a754-52b8a402fb28,Dr. Sakshi Karkra,dr-sakshi-karkra,Gastroenterology,68a3daff-b3cb-4f44-aa3b-f7509ec2c959,,,/images/specialists/dr-sakshi-karkra.webp,true,2026-09-19 06:24:26.150142+00,"Head, Paediatric Gastroenterology & Hepatology",,,false,,,,,
ece3a849-887a-4666-bd7e-df2b94d25cab,Dr. Saurabh Pokhriyal,dr-saurabh-pokhriyal,Nephrology,3347adc9-d8bc-4aa8-8233-20d8c99c901b,27,"Dr. Saurabh Pokhriyal is a nephrologist and renal transplant physician with more than 27 years of experience. He graduated from medical college in Kanpur, trained in nephrology at Sanjay Gandhi Postgraduate Institute of Medical Sciences, Lucknow, was Assistant Professor of Nephrology at the Nizam's Institute of Medical Sciences, Hyderabad, and completed a three-year fellowship in nephrology and renal transplantation at the University of Toronto. His practice covers kidney transplantation including ABO-incompatible transplants, primary glomerular disease, chronic kidney disease, dialysis and critical care nephrology. He has set up and headed nephrology units at several hospitals across Delhi NCR.",,false,2026-09-06 21:45:48.544128+00,"HOD & Director, Nephrology & Renal Transplant Medicine",Nephrology & Kidney Transplant Medicine,,false,"[""MBBS (GSVM/Kanpur Medical College, 1996)"",""MD Internal Medicine"",""DNB/DM Nephrology (Sanjay Gandhi PGI, Lucknow, 2000)"",""3-year Fellowship in Adult Nephrology & Renal Transplantation, University of Toronto""]",,,"[""Consultant / Associate Director, Fortis Vasant Kunj"",""Consultant / Associate Director, Medanta – The Medicity""]",
eeaf1b69-90ae-453f-aa5d-24ffa0f5b014,Dr. Arvind Kumar,dr-arvind-kumar,Lung Care,8f90193f-a179-462f-9f6f-82e792b10848,40,"Dr. Arvind Kumar chairs the Institute of Chest Surgery, Thoracic Oncology Surgery and Lung Transplantation at Medanta – The Medicity, Gurugram. He was Professor of Surgery and head of thoracic and robotic surgery at AIIMS, New Delhi, from 1988 to 2012, then chaired the Centre for Chest Surgery and directed robotic surgery at Sir Ganga Ram Hospital until 2020. He has performed more than 15,000 thoracic operations, over 8,000 of them by minimally invasive or robotic technique, and led North India's first double lung transplant, at Medanta in November 2022. He received the Dr. B.C. Roy Award in 2014 and founded the Lung Care Foundation.",,false,2026-09-06 21:45:48.544128+00,"Chairman, Institute of Chest Surgery, Chest Onco-Surgery & Lung Transplantation",Lung Transplant,,false,"[""MBBS (AIIMS, New Delhi)"",""MS General Surgery (AIIMS)"",""MNAMS"",""FACS (USA)"",""FICS (USA)"",""FUICC (Geneva)"",""Fellowship in Lung Transplant, University of Florida"",""Fellowship in Cancer, Memorial Sloan Kettering Cancer Center, New York"",""Fellowship in Robotic Chest Surgery, Italy, Switzerland, France""]","[""Dr. B.C. Roy National Award – Eminent Medical Person of the Year (2014)"",""ASI–Betadine Lifetime Achievement Award (2019)"",""Raj Nanda Fellowship, British Thoracic Society (1999)"",""\""Fakhr-e-Hind\"" (Pride of Nation) Award (2019)""]",,,
efa67d49-08f4-4453-9674-136195e02acf,Dr. Ishita B. Sen,dr-ishita-b-sen,Oncology Care,ee6f3f0c-ee78-4a8f-8d4b-01005b2e0567,24,"Dr. Ishita B. Sen heads nuclear medicine and molecular imaging at Fortis Memorial Research Institute, Gurgaon, with 24 years in the specialty. She graduated from Lady Hardinge Medical College, New Delhi, in 1993, trained in nuclear medicine at Indraprastha Apollo Hospitals, and was a consultant at Sir Ganga Ram Hospital for a decade before heading nuclear medicine and PET-CT at Artemis Health Institute and joining Fortis in 2011. Her work centres on nuclear oncology, particularly radionuclide therapy including Lu-177 DOTATATE peptide receptor radionuclide therapy and Ac-225 PSMA therapy, alongside PET-guided interventional procedures and infection imaging.",,false,2026-09-06 21:45:48.544128+00,"Director/Senior Director & Head, Nuclear Medicine & Molecular Imaging",Nuclear Oncology,,false,"[""MBBS (Lady Hardinge Medical College, University of Delhi, 1993)"",""Diploma in Radiation Medicine (DRM), INMAS, Delhi University (1998)"",""DNB Nuclear Medicine, National Board / Sir Ganga Ram Hospital (2005)""]",,,,
f0661c75-5ffa-48d8-b82e-36236b2a0d95,Dr. Jaideep Bansal,dr-jaideep-bansal,Neurosurgery,66e22246-b162-4de3-92b9-90cb755ce28f,25,"Principal Director / Director & HOD of Neurology. Special interest in stroke, epilepsy, headache/migraine, movement disorders (Parkinson's disease), dementia/Alzheimer's, and neuro-intervention. Member of the Indian Academy of Neurology, the Neurological Society of India, the Indian Stroke Association, the Association of Physicians of India, and the Delhi Neurological Association.",/images/specialists/dr-jaideep-bansal.webp,true,2026-09-19 06:24:26.150142+00,"Director & HOD, Neurology",,,false,"[""MBBS — S.M.S. Medical College, Jaipur"",""MD (Medicine) — S.M.S. Medical College, Jaipur"",""DM (Neurology) — G.B. Pant Hospital, University of Delhi"",""Senior Residency in Neurology — AIIMS, New Delhi""]",,,"[""HOD & Senior Consultant, Maharaja Agrasen Hospital, Punjabi Bagh"",""HOD & Senior Consultant, Saroj Super Specialty Hospital, Rohini"",""Consultant, G.B. Pant Hospital, New Delhi""]","[""Attended 70+ national/international conferences as chairperson/speaker; active in DNB teaching""]"
f10bce67-3fde-4e4d-999b-e2c6788627f6,Dr. (Brig.) Sameer Kumar,dr-brig-sameer-kumar,Cardiac Care,9fa0cca0-16bb-4af8-b88c-d5383f792c8f,,,/images/specialists/dr-brig-sameer-kumar.webp,true,2026-09-19 06:24:26.150142+00,"Clinical Director & HOD, Cardiothoracic Surgery",,,false,,,,,
f25167ce-e518-4930-a80f-f86793a9d59f,Dr. Aditya Gupta,dr-aditya-gupta,Neurosurgery,68a3daff-b3cb-4f44-aa3b-f7509ec2c959,32,"Dr. Aditya Gupta chairs neurosurgery and central nervous system radiosurgery at Artemis Hospital, Gurgaon, and co-leads its CyberKnife centre, with over 32 years of experience. He has performed more than 10,000 brain tumour operations and over 6,000 radiosurgery procedures using CyberKnife, Gamma Knife and LINAC systems. He graduated from AIIMS, New Delhi, and was Associate Professor of Neurosurgery there until 2009. He trained further at the University of Amsterdam, Hôpital Pitié-Salpêtrière in Paris, the University of Marseille, Wake Forest University, the University of Kiel, and on fellowship at CJW Medical Center in Richmond, Virginia. His practice also covers spine disorders and movement disorders.",,false,2026-09-06 21:45:48.544128+00,"Chairperson/Director, Neurosurgery & CNS Radiosurgery; Co-Chief, Cyberknife Centre","CNS Radiosurgery, Neuro-oncology & Neurosurgery",,false,"[""MBBS (AIIMS, New Delhi, 1994)"",""MCh Neurosurgery (AIIMS, 1999)"",""Advanced training in CyberKnife, Vicenza, Italy"",""Stereotactic Radiation Therapy training, Wake Forest, USA"",""Fellowship in Fluorescence-Guided Glioma Surgery, University of Kiel, Germany""]","[""Sir Dorabji Tata Award"",""Chief of Army Staff Award (2012)""]",,"[""Co-founder & Additional Director, Institute of Neurosciences, Medanta – The Medicity (until 2016)""]","[""40+ scientific publications"",""First neurosurgeon from India trained in fluorescence-guided glioma surgery (Kiel, Germany)""]"
f3ba5113-717e-41bf-919e-7d06ad87159c,Dr. Anant Kumar,dr-anant-kumar,Urology Care,997ca37d-da74-465c-b6cf-b5645905dc73,35,"Dr. Anant Kumar chairs urology, renal transplantation, robotics and uro-oncology at Max Super Speciality Hospital, Saket, with 35 years in the field. He has performed more than 3,500 kidney transplants and 500 robotic operations, and has published over 180 papers. He completed his MBBS at King George's Medical College, Lucknow, and his MS in Surgery and MCh in Urology at PGIMER, Chandigarh. He was Professor and Head of Urology and Kidney Transplantation at SGPGIMS, Lucknow, and later directed urology, renal transplantation and robotics at Fortis and Apollo hospitals in Delhi NCR. He is a member of the American Urological Association, the British Association of Urological Surgeons and the Transplantation Society.",,false,2026-09-06 21:45:48.544128+00,"Chairman, Uro-Oncology, Robotic & Kidney Transplantation",Urology and Kidney Transplant Surgery,,false,"[""MBBS (University of Lucknow / KGMC)"",""MS General Surgery (PGIMER, Chandigarh)"",""MCh Urology (PGIMER, Chandigarh)"",""DNB Urology"",""Fellowship training in Nephrology/Transplantation, Monash Medical Centre, Melbourne, and other centres""]","[""Hewett Gold Medal"",""K.L. Gold Medal"",""Best Graduate (academic distinction)"",""Best Post-Graduate (academic distinction)"",""Secretary, Indian Society of Organ Transplantation""]",,"[""Consultant Urologist, Addenbrooke's Hospital, Cambridge, UK""]",
f3d34e82-6088-4780-bbbb-5e031034885d,Dr. Nagesh Chandra,dr-nagesh-chandra,Neurosurgery,fbd28ea2-0d7d-4532-8243-56a5ae2d16db,,"A neurosurgeon and spine surgeon with clinical interests in brain and spinal tumours, minimally invasive/keyhole and endoscopic spine surgery, and interventional endovascular treatment of aneurysms and AVMs — one of few surgeons with dual training in endovascular neurosurgery/interventional neuroradiology. Has performed 8,000+ surgeries. Member of the Neurological Society of India, the Neurotrauma Society of India, EANS, the Neurospinal Surgeons Association, and AO Spine, among others.",/images/specialists/dr-nagesh-chandra.webp,true,2026-09-19 06:24:26.150142+00,"Senior Consultant & HOD, Neurosurgery & Spine Surgery",,,false,"[""MBBS — Rajiv Gandhi University of Health Sciences, Bangalore (2002)"",""MS (General Surgery) — KIMS, Hubli / Rajiv Gandhi University of Health Sciences (2007)"",""MCh (Neurosurgery) — King George Medical University, Lucknow (2011)"",""Fellowship in Interventional Neuroradiology (FINR) — Zurich, Switzerland"",""Fellowship in Spine Surgery — University of Bordeaux (CHU), France""]",,,"[""Artemis Hospital, Gurgaon"",""King George Medical University, Lucknow""]",
f3d6d852-58ad-4250-9c3b-42e86c8b4b7b,Dr. Ashok Seth,dr-ashok-seth,Cardiac Care,6933d205-be44-42d4-98bb-4bcb7dfee661,40,"Dr. Ashok Seth chairs Fortis Escorts Heart Institute, New Delhi, and the Fortis Healthcare Medical Council, and has practised interventional cardiology for around four decades. He has performed more than 60,000 angiographies and 25,000 angioplasties, and was the first in Asia to perform several procedures, among them coronary stenting, drug-eluting stents, angioscopy, Angiojet thrombectomy, Impella support, TAVR and bioresorbable scaffolds. He is an adjunct professor of cardiology at JN Medical College, Aligarh Muslim University, and at the National Board of Examinations. He was awarded the Padma Shri in 2003, the Padma Bhushan in 2015, and the Dr. B.C. Roy National Award in 2017.",,false,2026-09-06 21:45:48.544128+00,Chairman,Interventional Cardiology,,false,"[""MBBS (Jawaharlal Nehru Medical College, Aligarh Muslim University, 1978)"",""FRCP (London, Edinburgh, Ireland)"",""FACC"",""FESC"",""MSCAI"",""Honorary D.Sc, six universities including BHU, AMU, Amity, Shiv Nadar, and Teerthankar Mahavir"",""Honorary D.Litt, Jamia Millia Islamia""]","[""Padma Bhushan (2015)"",""Padma Shri (2003)"",""Dr. B.C. Roy National Award (2017)"",""Mason Sones Award, Society for Cardiovascular Angiography and Interventions (SCAI), USA, 2010"",""Order of Isabella the Catholic, Spain, 2010""]",,,
f4d7d3c4-85bf-4db8-8753-6a540de06843,Dr. Raju Vaishya,dr-raju-vaishya,Orthopaedic Care,8e7ced60-3dc8-4b24-9859-aad5732874fd,38,"A senior orthopaedic and joint-replacement surgeon and prolific academic. Interests in arthroplasty, joint preservation, autologous chondrocyte implantation (ACI), 3D printing and research. Performed the first pre-planned patient-specific-instrument (PSI) total knee arthroplasty in North India (May 2013). Listed among the top 2% of global scientists (2020–2026). Past President, Indian Cartilage Society and Founder President, Arthritis Care Foundation; Editor of SICOT-J, Apollo Medicine and JASSM.",/images/specialists/dr-raju-vaishya.webp,true,2026-09-19 06:24:26.150142+00,"Senior Consultant, Orthopaedics",,,false,"[""MBBS & MS (Orthopaedics) — G.R. Medical College, Gwalior"",""MCh (Orthopaedics) — Liverpool, UK"",""FRCS (London); FACS (USA)"",""Specialized arthroscopy training — Rush Medical Center, Chicago (USA) and Royal Liverpool Hospital (UK)""]",,,,"[""Extensively published (including in Nature, JAMA, BMJ, Mayo Clinic Proceedings, JBJS); many highly cited papers and several authored/edited books""]"
f5d79f4f-30f9-42ca-a8fb-9ed1acfb114f,Dr. Anil Kumar Gulia,dr-anil-kumar-gulia,Urology Care,2afa15cc-809b-498c-981c-126d5bc494bb,,"A urologist and renal transplant specialist, covering general and endourology, uro-oncology, and kidney transplantation.",/images/specialists/dr-anil-kumar-gulia.webp,true,2026-09-19 06:24:26.150142+00,"Senior Consultant, Urology",,,false,,,,,
f6723cf9-2218-4fe9-9b8e-9b17303da787,Dr. Harnarayan Singh,dr-harnarayan-singh,Neurosurgery,,13,"Dr. Harnarayan Singh heads neurosurgery and spine surgery at Sanar International Hospitals, Gurgaon, and has performed over 3,500 procedures. He completed his MBBS at University College of Medical Sciences, New Delhi, in 2005, and his MS in General Surgery and MCh in Neurosurgery at PGIMER, Chandigarh, in 2009 and 2013. His practice covers functional neurosurgery, neuro-oncology, spinal instrumentation and neurotrauma, with a focus on minimally invasive keyhole approaches to the brain and spine. He is a member of the Neurological Surgeons' Society of India and the Indian Society for Neuromodulation, and received the Young Asian Neurosurgeon award at the Japanese Congress for Brain Tumor Surgery.",,false,2026-09-06 21:45:48.544128+00,"Director & HOD, Neurosurgery",Neuro and Spine Surgery,,false,"[""MBBS (University College of Medical Sciences, University of Delhi, 2005)"",""MS General Surgery (PGIMER, Chandigarh, 2009)"",""MCh Neurosurgery (PGIMER, Chandigarh, 2013)""]","[""Young Asian Neurosurgeon Award, 22nd Annual Meeting of the Japanese Congress for Brain Tumor Surgery""]",,"[""Neurosurgery, Fortis Memorial Research Institute"",""Neurosurgery, W-Pratiksha Hospital"",""Neurosurgery, Narayana Superspeciality Hospital, Gurugram""]",
f7a50224-2aa9-45c6-a8e8-d06ef1722677,Dr. Chandragouda Dodagoudar,dr-chandragouda-dodagoudar,Oncology Care,3347adc9-d8bc-4aa8-8233-20d8c99c901b,,"A medical oncologist specialising in solid tumours (breast, lung, GI, genitourinary, gynaecologic, sarcomas) using chemotherapy, targeted therapy and immunotherapy; has led multiple Phase 2/3 clinical trials as principal investigator. Member of ASCO, ESMO, ISMPO, the Delhi Medical Council, and the Karnataka Medical Council.",/images/specialists/dr-chandragouda-dodagoudar.webp,true,2026-09-19 06:24:26.150142+00,"Vice Chairman & Unit Head, Medical Oncology",,,false,"[""MBBS — University of Mysore (2000)"",""MD (General Medicine) — Rajiv Gandhi University of Health Sciences (2006)"",""DNB (Medical Oncology) — National Board of Examinations (2013)"",""ECMO (Europe)""]","[""Best Resident Doctor Award, RGCI & RC (from the Vice President of India, 2012)"",""Bharat Jyoti Award, India International Friendship Society (2014)"",""2nd prize, postgraduate Medical Quiz, Diamond APICON, Mumbai""]",,"[""Consultant, Rajiv Gandhi Cancer Institute & Research Centre"",""Senior Resident, Max Healthcare"",""Senior Resident, Apollo Hospitals, Bangalore""]","[""40+ national and international publications""]"
f9525dfc-e717-430a-b372-eb756a303a24,Dr. Vipul Nanda,dr-vipul-nanda,Cosmetic Care,ee6f3f0c-ee78-4a8f-8d4b-01005b2e0567,35,"Dr. Vipul Nanda directs plastic and cosmetic surgery at Fortis Hospital, Gurgaon, with more than 35 years in aesthetic and reconstructive surgery. He trained at AIIMS, New Delhi, and completed further training in the United Kingdom, Spain, Japan and the United States. His practice covers rhinoplasty, body contouring, facelift, eyelid surgery and breast surgery. He is an International Scholar of the American Society of Plastic Surgeons and a Fellow of the British Association of Plastic Surgeons.",,false,2026-09-06 21:45:48.544128+00,"Director, Plastic & Reconstructive Surgery",Plastic and Reconstructive Surgery,,false,"[""MBBS (AIIMS, New Delhi)"",""MS General Surgery (AIIMS, New Delhi)"",""MCh Plastic Surgery (PGIMER, Chandigarh)"",""MRCS (Royal College of Surgeons)"",""Advanced fellowships — UK, Spain, Japan, USA""]","[""Atma Prakash Gold Medal (Best Graduate in Surgery, AIIMS)"",""Fellow of the British Association of Plastic Surgeons"",""International Scholar of the American Society of Plastic Surgeons""]",,"[""Senior Faculty, PGIMER, Chandigarh"",""Head of Plastic Surgery, tertiary hospital, Ministry of Health, Oman""]","[""50+ peer-reviewed publications""]"
fb5e51c1-b4c5-475e-b916-bc8131405d31,Dr. Sabhyata Gupta,dr-sabhyata-gupta,Oncology Care,8f90193f-a179-462f-9f6f-82e792b10848,30,"Dr. Sabhyata Gupta chairs the division of gynaecology and gynaecologic oncology at Medanta – The Medicity, Gurugram, with more than 30 years in obstetrics, gynaecology and gynaecologic oncology. She completed her MBBS at Government Medical College, Jammu, in 1987, her MD in 1991, and a diploma in gynaecological endoscopic surgery in Kiel, Germany. She was the first gynaecologist in India to perform robotic gynaecological surgery for both cancerous and benign conditions, and has trained many gynaecologists in laparoscopic and robotic technique. Her practice also covers advanced gynaecological laparoscopy, hysteroscopy and colposcopy. She is a member of the International Gynaecologic Cancer Society and the European Society of Gynaecological Oncology.",,false,2026-09-06 21:45:48.544128+00,"Chairperson, Gynaecology & Gynae-Oncology",Oncology Gynaecology Surgery,,false,"[""MBBS (Jammu Medical College, 1987)"",""MD Obstetrics & Gynaecology (Government Medical College, Jammu, 1991)"",""Diploma in Gynaecological Endoscopic Surgery, University Hospitals Schleswig-Holstein, Kiel, Germany (2006)"",""Indo-German Training in Advanced Endoscopic Surgery, Giessen, Germany"",""Robotic Gynaecological Surgery training"",""Observership in Uro-Gynaecological Oncology, Tata Memorial Hospital, Mumbai""]","[""Best Gynaec Robotic Surgeon of the Year, Time Research Media (2012)"",""Arch of Excellence Award (2009)"",""Bharat Nirman Super Achiever Award (2011)""]",,"[""Runs the DrNB Gynae-Oncology training programme, Medanta – The Medicity""]",